text,predict
   30天甩掉小肚腩[给力] ，1分钟7个高强度减腹动作，充分燃烧腹部脂肪！连续坚持30天即可拥有马甲线或者6块腹肌！男人练腹肌，女人练马甲，胖子减肚皮！[来]别再躺着不动弹啦，赶紧马走，周末虐起来~全球健身中心的秒拍视频,1
   厉害了我的汪！[二哈]VS[doge] ，小时候看过《狮王争霸》，如今“狗王争霸”来了！居然还是三个机位混剪拍摄，大神在校园有木有！[笑cry][笑cry]秒拍视频 (转自网络),1
   这些精彩值得铭记[威武] ，首次太空种菜，首次将人类以外生物带上太空，最长航天员太空驻留时间…无论是发挥种族天赋，还是开展在轨试验，这次太空征程留下太多中国人的第一次。17日，神舟十一号飞船与天宫二号分离，航天员景海鹏、陈冬将返程。戳精彩记录↓↓，祝英雄平安回家[心],1
   这些精彩值得铭记[威武] ，首次太空种菜，首次将人类以外生物带上太空，最长航天员太空驻留时间…无论是发挥种族天赋，还是开展在轨试验，这次太空征程留下太多中国人的第一次。17日，神舟十一号飞船与天宫二号分离，航天员景海鹏、陈冬将返程。戳精彩记录↓↓，祝英雄平安回家[心],1
   这些精彩值得铭记[威武] ，首次太空种菜，首次将人类以外生物带上太空，最长航天员太空驻留时间…无论是发挥种族天赋，还是开展在轨试验，这次太空征程留下太多中国人的第一次。17日，神舟十一号飞船与天宫二号分离，航天员景海鹏、陈冬将返程。戳精彩记录↓↓，祝英雄平安回家[心],1
"  ""你再哭我真的不带你去了[doge]""……""不哭，我不哭……""讲真，奥斯卡欠小女孩一个影后！[偷笑]秒拍视频",1
  VR技术能否减少枪击致死事件？ ，在美国，每年都有大量公民死于警方枪击。根据华盛顿邮报的追踪，2015 年共有 990 人被警方杀死，而今年的数字也已经达到了 518 人。面对社会舆论的强大压力，警方不得不思考新的训练方法，包括对新科技的采用。目前，美国已经出现了上百个采用虚拟现实技术的训练中心?全文,1
  爱犬遭袋鼠锁喉 男子上前一拳将袋鼠打懵[二哈] ，自己的狗狗被一只袋鼠锁喉“绑架”。危急时刻，主人立马冲上去和袋鼠对峙，还给了它一拳！袋鼠傻了：我爸都没打过我！[哆啦A梦吃惊] 狗狗遭袋鼠锁喉 男子上前一拳将袋鼠打懵 （转）,1
  冬天有一种痛，南方人是不会懂的…[笑cry],1
  慢吞吞的树懒真的好蠢萌！一直在自己的节奏中荡漾着，开心着。[太开心]我的朋友是个呆B的秒拍视频,1
  普吉岛游客船倾覆中37人来自浙江海宁 海宁市已派工作组赴泰 ，截至今天凌晨，事故已造成1名中国游客溺亡，76名中国游客获救，另有数十人暂时无法核实下落。此次事...            ,1
  体态一定要优美，内心一定定要平和，表情一定要淡定…[二哈]当狗狗们做起瑜伽，简直就是――人生如此艰难，为何做瑜伽也不如狗？另喵星人表示不服！[喵喵]来，感受下这画风..... （网络）,1
  为了防止学生作弊，老师们也是操碎了心[二哈][笑cry][笑cry]网友：最后一张绝了！（网络）,1
  熊猫宝宝集体越狱，奶爸抓回去一只又逃出去两只，抓回去一只又逃出去一堆，太萌了， 心疼奶爸[笑cry] iPanda熊猫频道 秒拍视频,1
  一只为主人打节拍的金毛，看这怯怯的小眼神，就怕一个节奏没敲对被主人打，太魔性了…[doge][污]全球热门搜罗S的秒拍视频 (转自网络),1
  一组名为“你经历过绝望吗？”的图[哈哈]看到最后也是醉了！[笑cry][笑cry][偷笑]via.好奇博士,1
  赵丽颖 过生日上头条啦，颖宝宝已经入驻今日头条，欢迎来关注她的头条号，第一时间获取她的最新动态，视频详情请点这里：「明星上头条」我是赵丽颖，我在用今日头条,1
  这几秒，汪星人像是度过了一个世纪。。老虎：我先洗洗菜！[doge]via.冷笑话精选,1
  这是一只有故事的汪星人[doge]……人与狗之间的信任呢！[笑cry]秒拍视频,1
  周冬雨 上头条啦，周冬雨已经开通了她的头条号，欢迎来今日头条关注，第一时间获取她的最新动态，视频详情点这里：「明星上头条」我是周冬雨，我在用今日头条,1
  周海媚 上头条啦，周海媚已经开通了她的头条号，欢迎来今日头条关注，第一时间获取她的最新动态，视频详情点这里：「明星上头条」我是周海媚，我在用今日头条,1
" ""95后""求职简历：网游战绩强 开过淘宝店都是特长[思考] ，秋季招聘开始，首次登上求职舞台的""95后""大学生择业观有啥新特点？①简历更趋个性化，有""95后""把网游战绩、开淘宝店等写入简历，获得用人单位青睐;②城市选择面更广，杭州、南京等“新一线城市”吸引力迅速攀升;③创业精神受欢迎。你怎么看？",1
" ""八达岭老虎咬人案""当事女子上节目：妈妈会原谅我 ，29日，北京八达岭老虎袭人事件中，被咬伤的当事人赵菁在辽宁卫视一档节目中道歉，称主要责任在自己，即使妈妈能原谅，自己也原谅不了自己。她说：""我错了，因为我的疏忽大意造成了母亲永远离开了我…希望下辈子还做我的妈妈""。封面新闻的秒拍视频",1
" ""八达岭老虎咬人案""当事女子上节目：妈妈会原谅我 ，29日，北京八达岭老虎袭人事件中，被咬伤的当事人赵菁在辽宁卫视一档节目中道歉，称主要责任在自己，即使妈妈能原谅，自己也原谅不了自己。她说：""我错了，因为我的疏忽大意造成了母亲永远离开了我…希望下辈子还做我的妈妈""。封面新闻的秒拍视频",1
" ""百名红通人员""头号嫌犯杨秀珠从美国回国投案自首 ，今天,潜逃海外13年之久的“百名红通人员”头号嫌犯杨秀珠回国投案自首,这是第37名归案的""百名红通人员""。2014年以来，中央追逃办保持对她高压态势，同时劝其自首。她也由最初""死也要死在美国""，到最终主动撤销""避难""申请，作出回国投案自首的决定。",1
" ""孩子你怎么不开心？""其实他是学霸！[给劲] ，最近，这张合影照在网上火了…事情其实是这样的：孩子成绩是班上前几名，当天因为感冒已经睡下了，被叫起来合影时还没回过神来，并非不想写作业。或许媒体和网友的善意调侃打扰到了孩子的正常生活，希望此事归于平静，为暖心警察点赞，也祝孩子学业进步！",1
" ""网红书记""陈行甲离职：""敢说自己是不收钱的县委书记"" ，今天，湖北巴东县委书记陈行甲发文宣布离任，但并未透露新去向。陈行甲称，“我不敢说自己不负苍生，但我敢说自己不负本心，敢说自己是个不收钱的县委书记。”陈行甲因录制mv、高空跳伞宣传巴东旅游，被称为""网红书记""。(记者 马学玲 吕春荣)",1
" ""无性别厕所""引争议 该废还是立[思考] ，上海首座无性别公厕将于本月投入使用。厕所有专人管理，隔间挡板高达2.3米，下方缝隙也被封死，还能播放音乐避免如厕尴尬。虽能避免女性如厕排长队，但不少网友仍感觉不便。其实重庆、北京等地也有无性别厕所。来投票，你支持这种厕所吗？无性别厕所，你支持吗？",1
" ""限韩令""升级？听听外交部怎么说[围观] ，韩国《朝鲜日报》21日称，中国政府将正式禁播韩剧。进而韩国艺人广告代言遭""韩流禁制令""的传言也迅速传开。真的有""限韩令""吗？韩剧、韩国电影、韩明星参演的影视综艺真的禁播了？别闹，听听外交部发言人怎么说↓↓ 真的有“限韩令”吗？外交部最新回应",1
" ""蜘蛛人""父亲含泪感谢网友：钱够了！不要再捐了 ，截至11日17时，山西""蜘蛛人""救女父亲高新民的爱心账户里，已筹集善款4424笔，共计27万余元。高新民向广大爱心人士表示感谢，并表示将会拿出一部分善款捐给需要帮助的人。(记者 胡健)谢谢大家！感恩！扩散！ “蜘蛛人”父亲含泪感谢网友：钱够了！不要再捐了……",1
" ""蜘蛛人""父亲含泪感谢网友：钱够了！不要再捐了 ，截至11日17时，山西""蜘蛛人""救女父亲高新民的爱心账户里，已筹集善款4424笔，共计27万余元。高新民向广大爱心人士表示感谢，并表示将会拿出一部分善款捐给需要帮助的人。(记者 胡健)谢谢大家！感恩！扩散！ “蜘蛛人”父亲含泪感谢网友：钱够了！不要再捐了……",1
" ""坠井男童""家属否认医闹 120司机称""当时只是推搡"" ，14日，河北蠡县坠井男童聪聪的爷爷和父母，向参与救援工作人员上锦旗表示感谢，并对网传""殴打司机""的传言进行了否认。网传""被殴打""的司机表示：""当时只发生了推搡，并不像网上传的殴打那么严重。""详戳↓↓ “坠井男童”家属否认医闹 制11面锦旗致谢救援人员",1
 #阿根廷发生6.7级地震# ，中国地震台网正式测定：11月21日04时57分在阿根廷（南纬31.63度，西经68.71度）发生6.7级地震，震源深度100千米。中国地震台网速报,1
 #埃航坠机事故追踪# 事故现场短暂开放：没有一件完整的、能看出形状的东西 ，目前事故现场的挖掘救援行动已经结束，对黑匣子的解读工作正在进行。埃塞俄比亚空难最...            ,1
 #超级月亮来了!# 快晒出你那里的月亮吧！[来] ，月亮已经走过离地球最近点，此刻的山西太原，山西大学的同学们已经排着队，准备用天文望远镜来看今天的“超级月亮”了，戳↓感受，望远镜里的月亮！中国新闻网的秒拍视频 (记者 屈丽霞)你那里看到月亮了嘛？,1
 #感恩节#今天，让我们发自内心，说句感谢！！[心] ，感谢父母，即使我这么平凡也永远视如珍宝；感谢朋友，没有任何血缘却仍愿甘苦与共；感谢曾让我失败的人，磨炼让我急速成长；感谢爱过却离开的人，失去让我更懂得珍惜；感谢自己，遍体鳞伤，依旧努力……写下你最想感谢的人吧，他会感受到！[阳光],1
 #河北男童坠入深井# 107小时救援全记录 ，10日晚11时许，被困井底107小时后，救援人员在40多米深的井底发现聪聪。但不幸的是，孩子已无生命体征。[蜡烛]究竟为何救援时间长达100多个小时？又为何用挖井这种“最笨拙”的方式？戳↓107小时救援全记录 河北坠井男童遗体找到 107小时救援全记录,1
 #河北男童坠入深井# 107小时救援全记录 ，10日晚11时许，被困井底107小时后，救援人员在40多米深的井底发现聪聪。但不幸的是，孩子已无生命体征。[蜡烛]究竟为何救援时间长达100多个小时？又为何用挖井这种“最笨拙”的方式？戳↓107小时救援全记录 河北坠井男童遗体找到 107小时救援全记录,1
 #河北男童坠入深井# 救援后续：救援难度增大 ，截止目前，距河北省保定市蠡县中孟尝村6岁男童聪聪坠落40米深枯井的救援工作已进行了近80个小时。现场救援指挥部通报称，现场地质条件复杂，整体救援挖掘进度缓慢，男孩的位置未知，没有探测到。营救仍未停歇，爱心仍在接力。(记者 吕子豪 于俊亮),1
 #河北男童坠入深井# 救援后续：救援难度增大 ，截止目前，距河北省保定市蠡县中孟尝村6岁男童聪聪坠落40米深枯井的救援工作已进行了近80个小时。现场救援指挥部通报称，现场地质条件复杂，整体救援挖掘进度缓慢，男孩的位置未知，没有探测到。营救仍未停歇，爱心仍在接力。(记者 吕子豪 于俊亮),1
" #河北男童坠入深井#已超100小时 救援仍在继续 ，截至目前，男孩踪迹仍未找到。救援人员曾用多种生命探测仪器监测，只发现了孩子的玩具。因为降雨，塌方隐患不时出现，挖掘进度缓慢。针对""男孩到底有没有在井里""的问题，有关部门表示，目前还在继续发掘，只要有希望就继续营救。如果最终确认孩子不在井?全文",1
" #河北男童坠入深井#已超100小时 救援仍在继续 ，截至目前，男孩踪迹仍未找到。救援人员曾用多种生命探测仪器监测，只发现了孩子的玩具。因为降雨，塌方隐患不时出现，挖掘进度缓慢。针对""男孩到底有没有在井里""的问题，有关部门表示，目前还在继续发掘，只要有希望就继续营救。如果最终确认孩子不在井?全文",1
 #济南建筑倒塌事故# 已致3人死亡[蜡烛] ，昨日15时30分左右，济南高新区白谷堆村一个体业户厂房装修期间发生坍塌事故。截至今早7时，9名被困者中有7人被救出，其中死亡3人，4名伤者在医院治疗，生命体征平稳。涉事相关人员已被警方控制，救援工作仍在紧张进行中。,1
 #济南建筑倒塌事故# 已致3人死亡[蜡烛] ，昨日15时30分左右，济南高新区白谷堆村一个体业户厂房装修期间发生坍塌事故。截至今早7时，9名被困者中有7人被救出，其中死亡3人，4名伤者在医院治疗，生命体征平稳。涉事相关人员已被警方控制，救援工作仍在紧张进行中。,1
 #江西电厂工地坍塌# 事故死亡人数升至74人 其中68人确认身份 ，截至24日22时，确认事故现场74人死亡，2人受伤。目前，工作人员已核对确认了68名遇难者身份信息。确认身份的遇难者年龄最小的23岁，最大的53岁。当地政府正在全力做好遇难者家属接待、安抚工作。,1
 #江西电厂工地坍塌# 最新进展： 事故已致67人遇难 ，11月24日上午7时许，江西省宜春市丰城电厂三期在建冷却塔施工平台发生倒塌事故。记者从江西省委宣传部了解到，事故发生时现场共有70人，截止目前已有67人死亡，2人受伤，另有1人仍在搜救中。(记者 刘占昆 摄)直播地址戳→ 江西丰城一电厂施工平台倒塌数十人身亡 直击救援现场,1
 #尼日利亚教堂坍塌# 已造成160人遇难 ，据外媒，当地时间10日，尼日利亚南部一座教堂部分坍塌，目前遇难人数升至160人，现场情况惨烈。据尼日利亚国家电视台消息称，估计此次事件可能导致最多200人不幸遇难。报道称，由于该教堂在建造过程中，其屋顶坍塌导致手架连同铁皮一起落到正在祈祷的人群中。,1
 #纽约皇后区爆炸# 多家商铺遭焚毁 “回燃”致12人轻伤 ，当地时间13日凌晨，美国纽约皇后区阳边（Sunnyside）皇后大道（Queens Blvd）商业区发生大火，据悉，首先...            ,1
 #纽约火场爆炸# 纽约五级大火 多家商铺遭焚毁 “回燃”致12人轻伤 ，当地时间13日凌晨，美国纽约皇后区阳边（Sunnyside）皇后大道（Queens Blvd）商业区发生大火，200....            ,1
 #纽约火场爆炸# 消防员瞬间被烈焰吞噬 ，经查证：此视频为2015年天津港爆炸视频[作揖][作揖]12月13日，美国纽约一商业区发生火灾，200名消防员到场灭火。一家...            ,1
 #女研究僧为何多剩女# 报告给出了答案！ ，为什么越来越多的女研究生成了“剩女”？30日在北京发布的《人口与劳动绿皮书》分析称，2000~2005年，婚姻匹配的基本模式是丈夫的受教育水平高于或等于妻子。在接受了高等教育的女性中，这个偏好仍然存在，且没有发生改变的迹象。如果匹配模式不变，则接受了?全文,1
 #日本福岛发生地震# 最新消息汇总[话筒] ，11月22日5：59，日本福岛县南部盘城东面海域发生7.4级地震，地震发生后日本福岛县和宫城县部分地区浪高达3米，其他地区也有不同程度的海啸发生，但不会对中国沿岸造成影响。日本内阁官房长称日本东北地区的核电站在这次大地震中没有受损，未发生核泄漏问题。,1
 #台湾一游览车起火#案理赔确定 罹难者中22人各获赔143万 ，据台媒，台当局“交通部”16日称，已与“7.19火烧车”事件24名罹难大陆游客中的23人达成和解，每位罹难者可获新台币664万元(约人民币143.2万)的理赔金，其中22位罹难者家属已由保险公司完成汇款，另1位家属因欠缺理赔资料而致无法完成汇款。,1
 #泰国游船翻船#：50名中国游客失踪！ ，北京时间5日傍晚，两艘共载有127名中国游客的游船在泰国普吉海域发生倾覆。救援正在紧急进行！事故已造成1名中国游客溺亡...            ,1
 #天津市滨海新区爆炸#一审宣判 49名被告人名单如下[话筒] ，2016年11月7日至9日，天津港“8・12”事故相关的27件刑事案件，分别在天津市第二中级人民法院和天津市滨海新区人民法院等9家基层法院一审公开审理。9日，各法庭分别依法对系列案件作出一审判决，49人被送上刑事被告席，名单如下。天津日报,1
 #新疆昌吉6.2级地震#致3县市379间房屋受损 2人受伤 ，8日13时15分，新疆昌吉州呼图壁县附近发生6.2级地震，致三个县市(呼图壁县、昌吉市、玛纳斯县)379间房屋受损，2人受伤。新疆地震局发布消息称，截至8日16时，共记录到地震总数为142次。 (记者 王小军 孙亭文),1
 #新西兰强震# 记者亲历惊魂一刻 ，当地时间14日0点5分左右，记者身处基督城的Upper Riccarton地区，地震突然来袭，毫无任何征兆。随后房子像大海里的大船摇晃，长达三四分钟。房屋内的垂挂的百叶窗如风吹一样，所有半关的房门都开开合合…戳↓直击地震现场 新西兰发生强震全国均有震感 记者亲历惊魂一刻,1
 #新西兰强震#陆路受阻 中国领馆派直升机接同胞撤离 ，当地时间14日，新西兰发生7.5级地震，近百名中国游客被困凯伊库拉小镇。由于公路、铁路受损，在当地直升机全被调用情况下，中国驻克赖斯特彻奇总领馆通过其他渠道，租用两架直升机，将被困中国游客全部安全转移。无论你在哪，总有人会接你回家[心],1
 08月06日，刚刚发生。澄迈澄中美发店老板被老公打死，可怜三个娃 ，这样打老婆，何况都给他生了两女一男。[泪][泪][泪] ,1
 哎呀好气啊！可是还要保持围笑[拜拜],1
 不得了咯~ 小熊精肉肉越狱了！！！挤过去时小屁屁好萌[太开心],1
 不如跳舞，干啥都不如跳舞[嘻嘻]未来广场舞扛把子！网友：这孩子一定是奶奶带大的[笑cry] via.冷笑话精选 冷笑话精选的秒拍视频,1
 不如跳舞，燥起来c(ｏ`皿′ｏ)? 秒拍视频 （视频来自网络）,1
 额，我说，“和琪”你是有啥要紧事儿要办啊……自带快进功能[二哈][二哈][二哈]秒拍视频 via.iPanda熊猫频道,1
 二哈：你谁啊？为什么在这？脸那么大，离我远点！！（转）冷笑话精选的秒拍视频,1
 哈哈哈哈哈哈！！这俩活宝又来了！爆笑小品《低价航空》，戳↓秒拍视频 马住，慢慢看吧！[哈哈][哈哈][哈哈] via.东方卫视今夜百乐门,1
 哈哈哈竟然也有被二哈强势塞狗粮的一天！[二哈],1
 好耿直的答案，哈哈哈哈哈没毛病啊！[哈哈],1
 家里俩亲兄弟打起来了，亲狗一直在劝架：别打了！看在我的狗面上别打了！为这个家操碎心的狗狗。[摊手]网友：亲妈可能不在家，亲爸在录像……秒拍视频,1
 贾玲最新的小品《海岛约会 》，郑恺扮土豪追女神贾玲，全程太搞笑了，时间较长，建议先马再看！！！[笑cry]全球热门搜罗S的秒拍视频 （转）,1
 看着勺子从嘴边划过，宝宝从此开始怀疑人生[笑cry] 秒拍视频 （网络）,1
 可能是世界上最安全的指纹解锁。。来嘛，爪几借我用一下。英国报姐的秒拍视频 屏幕点亮的那一刻，好萌！[得意地笑]via.英国报姐,1
 孔繁森，不该被遗忘 ，他将一腔热血洒向高原，一生是清贫的，也是富有的；他领养了3名藏族孤儿；他几次爬到海拔近5000米的山顶采集水样，帮群众解决饮水问题；他担任阿里地委书记后，跑遍了98个乡，行程达8万多公里。1994年的今天，孔繁森不幸殉职，时年50岁。缅怀！致敬！人民日报,1
" 两弹一星元勋钱学森 ，①他少学有成，远赴重洋参物理之奥，而立之年便成为一流火箭专家；②新中国百业待兴之时，他归心似箭，然而美国人说他抵得上5个师，宁可枪毙也不让回国；③他被软禁5年，历尽艰险，万里归国，开创祖国航天事业，终成""两弹一星""元勋。今天钱老诞辰，致敬！",1
 路遥：再平凡的人，也要奋斗 ，他生在陕北农民家庭，《人生》《平凡的世界》是他经久不衰的作品。他忍受着孤独，艰苦创作，给窘境中的人带来希望与光亮。1992年的今天，43岁的路遥因病早逝。他曾说：“生活中真正的勇士向来默默无闻，喧哗不止的永远是自视高贵的一群。”[蜡烛],1
 论上语文课是怎么睡着的，有没有一种似曾相似的感觉[笑cry]网友：上数学课的我[doge] via.微博搞笑排行榜,1
 绿茵场上，他神采飞扬，他是张玉宁。对足球的热爱使他充满希望，激励着他奋勇向前。头条奥运倒计时84天，今日开屏明星KA张玉宁KA ，“可以很年轻，不能被看轻。”来今日头条，了解更多关于张玉宁的独家资讯。,1
 妈妈送给宝宝一个新玩具――复读仓鼠，宝宝开心喜悦的心情维持了五秒钟。。(转) 网友：虽然很心疼宝宝，但是我还是没忍住笑了[二哈][二哈] 我的朋友是个呆B的秒拍视频,1
 魔性的声音和节奏，你喜欢吗？[doge][喵喵][二哈]秒拍视频,1
 奶妈！开门时你倒是看着点儿啊！！[doge][doge][熊猫][熊猫],1
 男子欲跳长江大桥导致3小时大堵车 结果……[衰] ，13日下午，一名六旬男子爬上武汉长江二桥斜拉索，因劳务纠纷声称要跳桥。民警、消防赶到现场将他救下，事故导致交通拥堵近3个小时。一名民警称：跳桥的男子是熟人了，2012年和2013年，曾两次要跳桥都致堵。公安机关对该男子处以行政拘留10日处罚。,1
" 男子追小偷致其摔倒身亡被起诉？检察机关回应[思考] ，3月13日，蓝某在家中睡觉时发现小偷，起身追出门外。因下雨路面较滑，小偷挣脱时身体失去平衡摔倒，致颅脑损伤抢救无效死亡。10月27日,侦查机关以涉嫌过失致人死亡罪将蓝某移送县检察院。福建检察机关回应,目前案件在审查起诉阶段,尚未提起公诉。",1
 男子追砸运钞车被击毙 押运公司：使用橡胶子弹[衰] ，27日广东一男子用砖头追砸运钞车，追了几百米后被押运员开枪打死。押运公司称，当时车玻璃被严重砸裂，押运员多次警告无效才用装有橡胶子弹的防暴枪开枪。目击者称，事发前男子电动车疑被运钞车剐蹭，追车评理导致惨剧，但此说法未得到警方证实。,1
 男子追砸运钞车被击毙 押运公司：使用橡胶子弹[衰] ，27日广东一男子用砖头追砸运钞车，追了几百米后被押运员开枪打死。押运公司称，当时车玻璃被严重砸裂，押运员多次警告无效才用装有橡胶子弹的防暴枪开枪。目击者称，事发前男子电动车疑被运钞车剐蹭，追车评理导致惨剧，但此说法未得到警方证实。,1
 南京！南京！ ，1937年12月1日，日军下达攻占南京的命令，“南京保卫战”就此开始。近15万中国守军与20万日军展开激战，超过40%的将士殉国，成为二战中最惨烈的首都保卫战之一。13日，南京沦陷，屠杀开始。短短6周，30多万中国军民惨遭杀戮。南京！南京！血与泪的记忆不敢忘，不能忘！,1
 南京！南京！ ，1937年12月1日，日军下达攻占南京的命令，“南京保卫战”就此开始。近15万中国守军与20万日军展开激战，超过40%的将士殉国，成为二战中最惨烈的首都保卫战之一。13日，南京沦陷，屠杀开始。短短6周，30多万中国军民惨遭杀戮。南京！南京！血与泪的记忆不敢忘，不能忘！,1
 南京八旬老人大小便失禁 地铁民警为其清洗[赞] ，17日，一孤寡老人向南京地铁民警求助，他大小便失禁了，不好意思回养老院。几个警察蜀黍见状，买来干净脸盆、毛巾和内衣裤，埋头帮忙清洗了仨小时。有个蜀黍中间吐了两回，还是坚持了下来。南京地铁公安施Sir 老吾老以及人之老…有种温暖叫南京[心],1
 南京不会忘记，我们不会忘记! ，约翰・拉贝，与十多位外国友人保护了20多万南京难民，被称为“南京的辛德勒”；魏特琳，以柔弱之体对抗日军，使许多妇女免遭日军强暴；约翰・马吉，冒着生命危险拍摄105分钟真实史料……这些充满正义感和同情心的国际友人，让我们深感人性的高贵!今天#国家公祭日#，致敬!,1
 南京大屠杀幸存者群像实录，你愿为他们转发吗？ ，1937年12月侵华日军制造的南京大屠杀，使30多万中国平民和士兵惨遭杀害[怒]。劫后余生的幸存者也留下终身难以抚平的伤痛记忆。岁月流逝，在世者已越来越少，目前在册的南京大屠杀幸存者仅剩108位。第三个国家公祭日到来之际，为他们转发！via.新华社,1
 南京大屠杀幸存者群像实录，你愿为他们转发吗？ ，1937年12月侵华日军制造的南京大屠杀，使30多万中国平民和士兵惨遭杀害[怒]。劫后余生的幸存者也留下终身难以抚平的伤痛记忆。岁月流逝，在世者已越来越少，目前在册的南京大屠杀幸存者仅剩108位。第三个国家公祭日到来之际，为他们转发！via.新华社,1
 南京一饭店免费为乞讨者提供饭菜 已坚持8年[赞] ，老板娘捧出热腾腾的饭菜，递给两位乞讨老人，还对他们说：“不够再加，一定管饱”，这是南京某餐馆门口的一幕。老板娘叫庄红梅，每次有乞讨者路过店门口，她都会为他们送上饭菜，并叮嘱店员也要这样做。她说“只是件小事而已，应该的。”感恩！[心],1
 难以置信，这些肖像故事都是手机拍的！ ，11位图虫摄影师，10天创作时间，一台华为P9，让99张真实的面孔汇聚眼前，每一个都饱含深情。“你好，我的样子”―99个中国人肖像故事手机摄影展将在7月23日14:00于北京尤伦斯当代艺术中心开幕，一场手机摄影大展即将到来，诚邀你光临。华为手机 [酷],1
 脑电波密码才是未来？ ，密码、指纹和虹膜都是现有身份识别系统的中流砥柱，通过它们，我们才能登入设备或进入安保严密的区域。不过如果取消了触摸屏和键盘，与其搭配的身份验证方式也要跟着一起更换。这一特殊需求也让工程师们开始向更高级的识别系统进发，它们将新系统的密匙换成了人的大脑。当我们?全文,1
 脑洞满分！最强降雪后 市民这样堆雪人[笑cry] ，8日，沈阳迎入冬以来最大降雪，大雪从早上8点下到下午3点。随后街头便出现不少造型各异，甚至超出小新理解范围的雪人。戳图感受↓↓这脑洞，不服不行！但是图1的盆友，这样堆雪人，到了晚上真的没问题吗？[二哈]来晒晒你堆的雪人！（部分图自网友）,1
" 脑瘫男孩遭父母遗弃，保姆""妈妈""守护14年[心] ，14年前，河北邢台老人郝庆芬照顾别人家孩子""小雨""，1岁多时小雨检查出脑瘫，亲生父母一夜之间没了踪迹。""没人要你，我要！再难，我也要把你养大成人！""从那时开始，郝庆芬从保姆升级成妈妈，吃饭、穿衣、习字，这一照顾就是14年。脑瘫男孩遭遗弃 保姆变身“妈妈”守候14年不悔(图)",1
 内蒙古259只候鸟死亡！检验机构：人为投药所致[怒] ，19日，内蒙古正蓝旗洪图淖尔出现候鸟陆续死亡，已累计发现候鸟死体259只，其中小天鹅233只、绿头鸭26只，均为国家二级保护动物。内蒙古权威检测机构在送检死体样本体内检出高毒杀虫剂克百威成分，初步认定为人为偷猎投药所致，为刑事案件。(央视),1
 内蒙古赤峰市一煤矿发生爆炸 17人已遇难 ，3日12时左右，内蒙古赤峰市元宝山区宝马矿业有限责任公司发生爆炸事故，目前已知死亡17人，还有多人困在井下。当地政府正在紧急开展救援工作。据了解，此矿本在停业整顿，事故具体原因还在进一步调查。（新华网）,1
 内蒙古赤峰一中学外发生车祸 致3死5伤 肇事司机坠楼身亡 ，今晨7点，内蒙古赤峰市松山四中外发生一交通事故，一男子驾车在学校附近连撞8人，造成3人死亡，其中2名学生、1名成人；其余5名伤者已送医救治，目前病情稳定。肇事司机逃逸后，坠楼身亡。事故原因正在进一步调查中。（央视新闻）,1
 内心感性，收放自如，她是宋佳。聪明和敬业让她在演绎角色时懂得创造。头条奥运倒计时65天，今日开屏明星宋佳 ， “一步步，渐入佳境！”来今日头条，了解更多关于宋佳的独家资讯。,1
 能摸的虚拟现实是什么样？ ，虚拟现实，给大家的视觉体验革了命，但如果我们的身体也想体验虚拟的世界怎么办？Oculus 和 Facebook 联合研发了一款叫做 HapticWave 的实验性设备，现阶段可以在平面上进行模拟空间感。这个装置是一个圆形的触摸板，它的金属表面可以在不同位置产生不同频率的震动，手掌?全文,1
" 能上天的汽车，正在路上 ，最近，美国 FAA（也就是联邦航空管理局）给一个叫做 Terrafugia 飞行汽车公司开了认证的绿灯。前不久，Google 创始人拉里・佩奇就被曝光以个人名义投资了超过 1 亿美元参与了飞行公司 Zee.Aero 的创立, 而这家公司研制的主要产品就是一款“空中汽车”。但飞行汽车类产品还有?全文",1
 你不懂的，大货车的盲区到底有多大？[围观] ，为什么大货车很容易发生碾压事故？坐上大货车驾驶位才发现，大货车司机眼里的“世界”和你眼中的是完全不一样的！！[吃惊]尤其在大货车拐弯时，最容易发生险情。科学远离大货车盲区，超实用！赶紧学起来！via.汽车之家小车司机你不懂 浅谈大货车视觉盲区,1
 你的#iphone6s异常关机#了吗？小新带你去换电池[熊猫] ，最近，苹果公司针对“关机门”提出解决方案：为部分6s用户免费换电池，但对于iPhone6等其他设备仍未出台措施。那方案会如何具体实施？小新今天就来北京西单的苹果专卖店，带你一探“电池”到底怎么个换法，戳↓直播关注！ 微博直播,1
 你的父母也在被迫做“老漂族”吗？ ，年纪已大，本该颐养天年，可为了照顾在外安家落户的儿女乃至孙辈，老人们不得不“老骥伏枥”，远离家乡去人生地不熟的城市里“发挥余热”……这样的“老漂族”已有近1800万人，其中包括你的父母吗？ 你的父母也在被迫做“老漂族”吗？,1
 你的肉身或已腐朽，你的数据却与世长存 ，这些用户信息数据甚至可以在一个网站已经更改所有权乃至完全死掉之后仍然存活。这就意味着你曾经在那些社交网站与购物网站注册的账号会在数十年后仍然阴魂不散地打扰你。你的肉身或已腐朽，你的数据却与世长存,1
 你的银行账户发生重大变化，看了这10条心里才有数！ ，央行费了九牛二虎之力，将银行账户设置成Ⅰ、Ⅱ、Ⅲ类账户。很多小伙伴懵了，弄这么复杂干啥？其实，账户分类主要是防范银行账户资金的不必要损失。那么，这三类账户区别在哪？又该如何使用？图个明白↓ 你的银行账户发生重大变化，看了这10条心里才有数！,1
 你的这些工资 单位不可以想扣就扣！[围观] ，年底将至，是时候对自己这一年的工资清算一下了。在你的单位，是否请假扣工资？休年假扣工资？产检扣工资？捐款扣工资？难道扣不扣工资，真的是用人单位说了算？哪些扣工资的方式我们是可以说“NO”的？戳文↓快了解！[话筒]事关你的钱包哦~,1
 你的这些工资 单位不可以想扣就扣！[围观] ，年底将至，是时候对自己这一年的工资清算一下了。在你的单位，是否请假扣工资？休年假扣工资？产检扣工资？捐款扣工资？难道扣不扣工资，真的是用人单位说了算？哪些扣工资的方式我们是可以说“NO”的？戳文↓快了解！[话筒]事关你的钱包哦~,1
 你的这些工资 单位不可以想扣就扣！[围观] ，年底将至，是时候对自己这一年的工资清算一下了。在你的单位，是否请假扣工资？休年假扣工资？产检扣工资？捐款扣工资？难道扣不扣工资，真的是用人单位说了算？哪些扣工资的方式我们是可以说“NO”的？戳文↓快了解！[话筒]事关你的钱包哦~,1
 你还敢把包放在椅子后面吗？小心！ ，近日，苏州的唐某在火锅店吃饭时，把包放在座位上去取调料，回来后包躺在地上，钱包不见了！监控显示，邻座两男子假装打电话，身体右倾，几秒钟便得手了。注意！冬天来了，厚衣服成了扒手们最好的掩护。小偷的这些常用手段你一定要看！扩散提醒！,1
 你好，你是做平面设计的吗？宝宝不是[拜拜] ，via. DailyBoooM 这七张图火爆了所有社交媒体！,1
 你好，十二月！[兔子] ，钟表，可以回到起点，却已不是昨天；日历，撕下一页简单，把握一天很难。2016年还剩一个月了，思考这即将过去的一年，许下的承诺，定下的目标都实现了吗？不要沮丧，不必慌张，打起精神，从今天开始，在最后的30天里，从这些↓↓↓开始改变自己！,1
" 你会买这种包装的矿泉水吗？[心] ，近日，山东青岛便利店出现""宝贝回家""矿泉水，瓶身上印着失踪儿童的大头照及信息。据悉，该矿泉水共生产50万瓶，主要在便利店、机场火车站等销售，下步将扩大到北京、上海等地。生产者希望增加失踪儿童信息曝光率，""让孩子回家多一个机会。""你觉得怎样？支持的转！",1
 你会去看这部电影吗？[心] ，他们传承匠心，一生一事；无大师之名，怀匠人之心。12月16日，《我在故宫修文物》大电影全国上映，拂去时光的蒙尘，拂拭焦躁的心。择一事，终一生。via.故宫博物院,1
 你会因人工智能而失业吗？ ，斯坦福大学人工智能与伦理学教授杰瑞・卡普兰认为，不久的将来，人类再也不用劳动。因为人工智能在自动化作业、自动驾驶，合成智能、执行能力等诸多方面的优势明显大于人类。它正不断的取代现有人类的工作，无论是体力劳动者还是脑力劳动者。自动化毫不留情。?全文,1
" 你家室温有18℃吗？多地规定不达标可退部分取暖费 ，近日北方大范围降温，河北、山东、辽宁等省份规定，供暖季室温应达到18℃，不达标部分取暖费可退回。河北规定按合同退费；山东要求供热企业减收热费；辽宁规定退还两倍热费…网友:没暖气,靠一身正气过冬！ 你家室温有18℃吗？多地规定不达标可退部分取暖费",1
 你家有三星洗衣机吗？不光手机，洗衣机也可能爆炸！[吃惊] ，目前三星洗衣机已因过大震动和机门脱落收到733起投诉，9人受伤，还有些正起诉三星的客户指出，他们的洗衣机“在正常使用时爆炸”。昨日上午，三星宣布在美国召回280万台特定型号的洗衣机，召回的洗衣机型号列表↓↓家里有的注意了！扩散！,1
 你家有三星洗衣机吗？不光手机，洗衣机也可能爆炸！[吃惊] ，目前三星洗衣机已因过大震动和机门脱落收到733起投诉，9人受伤，还有些正起诉三星的客户指出，他们的洗衣机“在正常使用时爆炸”。昨日上午，三星宣布在美国召回280万台特定型号的洗衣机，召回的洗衣机型号列表↓↓家里有的注意了！扩散！,1
 你看上去很好玩 ，via.优秀网页设计Dribbble上那些幽默好玩的GIF动图,1
 你们国胖队都是这么玩儿的吗？[doge] ，CCTV《挑战不可能》节目里，科科张继科 和龙队captain龙 玩起了花样乒乓！两人同时对打三个球，这行云流水的画风真是牛到飞起！[污],1
 你们在大城市站稳脚跟，他们却被迫开始了“漂泊”[可怜] ，买房成家、把父母接来尽孝，是大多城市“漂”们的终极愿望。可你知道吗？本想守着故土颐养天年的父母，却成了“老漂族”：他们在异乡为你带孩子“发挥余热”，他们舍弃亲友圈到陌生城市忍受孤独…戳↓关注“老漂”，别让他们再感到“漂泊”！,1
 你怕或者不怕，人工智能的时代终将到来 ，人工智能机器将比其制造者――人更加聪明。部分科学家也表示，正如黑洞中心存在着一个让一切已知物理定律都失效的“奇点”一样，信息技术也正在朝着这样一个奇点迈进。过了这个点，一切都将以现在不可预测、无法想象的速度和形式发展了。你怕或者不怕，人工智能的时代终将到来,1
 你身边有不靠谱的人吗？[思考] ，工作没责任心、不按时完成，答应的事要不断提醒才能办完…很多人觉得身边总有人不靠谱。一则针对于2000人的调查显示，98.9%受访者称身边有不靠谱的人。而靠谱的三大品质为：答应的事说到做到、事情保质量及时完成、勇于承担责任。来说说，你遇到过啥不靠谱的人和事？,1
 你希望人工智能懂你到哪一步？ ，2016 Google I/O 大会上，Google 发布了大量人工智能系列产品：智能助手、配套的家庭智能终端、VR 平台、智能穿戴设备等等。想了解这些应用的接地气儿的功能吗？随着技术不断发展，人工智能的确可以帮我们处理越来越多的事情，通过深度学习变得越来越“懂你”，但我们?全文,1
 你喜欢用哪个？“笑哭”成全球最受欢迎表情[笑cry] ，本年度全球网民表情报告显示，全球最受欢迎的10个表情符号（emoji）包括“爱心”、“大哭”、“微笑”、“笑哭”等，其中“笑哭”以21.25%发送量比例居榜首。而中国使用最多的表情符号是“龇牙”。[嘻嘻] (记者阮煜琳 刘育英)你最爱用的表情是__？,1
 你以为记者这个职业光鲜亮丽，然而真相是…… ，你觉得记者工作应该是啥样儿？是天天围着名人，始终在世界关注的中心？是趁着午后阳光，在咖啡馆里悠闲写稿？还是拿着相机，记录世界各地的精彩？然而，真相却酱婶儿的心酸……第17个记者节，戳长图↓了解记者们真实的生活，向他们致敬！[心],1
 你用过的新华字典是哪一版[doge] ，via. 中国文明网 这些年我们用过的新华字典,1
 你有这样的女朋友吗？[喵喵] ，via.每日漫画 一个完美的女友应该是怎么样的！,1
 你愿意和导盲犬同行吗？[心] ，导盲犬是最温顺聪明、经过严格训练的工作犬，它们能帮助视力残疾人正常出行，是他们“失而复得”的眼睛。目前，全国火车、北京和上海地铁都允许导盲犬进入，可导盲犬被拒绝的情况仍在多地上演。今天是国际残疾人日，愿意让导盲犬和我们共同出入公共场所的，请转起！[心],1
 你在离地50米的高空，悬空吃过饭吗？[二哈] ，圣诞节越来越近了！近日，比利时布鲁塞尔推出“空中圣诞大餐”，参加用餐的人围坐在一架雪橇车餐桌旁，起重机将餐桌举至离地50米的高空！而且还会有圣诞老人陪你吃饭、聊天、自拍。不过，别说坐那儿吃了，小新光是看这图↓↓就觉得腿软啦！[笑cry],1
 你在选择男/女朋友的时候看重啥？[doge] ，昨天，《上海单身青年的婚恋调查》发布，调查显示：男性在恋爱中考虑的五要素依次是：外貌＞性格＞生活习惯＞年龄＞家庭背景；女性看重的则是：性格＞外貌＞经济条件＞能力潜力＞生活习惯。你赞同吗？,1
 你造吗？其实你扔掉的这些都还是宝贝！[害羞] ，一时冲动买买买囤的货，没来得及吃/用就过期了…挺贵的东西，扔了可惜，留着发愁…咋办？这则实用贴妥妥为你解决！可乐还能刷马桶？啤酒还能给衣服增色？咖啡渣还能洁肤？今天世界勤俭日，↓↓变废为宝神技能送给你！[心]你还知道啥小窍门？说来听听！,1
 你真的会跑步吗？这样跑才正确 ，#科学博士#2016年算数健康大会公布6亿国人的健康资讯阅读数据，地域分布显示，北京人群最关注跑步。跑步是最易实现的运动方式，不受场地、装备、人数限制。但跑步也要注意正确姿势，以免拉伤肌肉和跟腱。什么时间跑更好？什么样的跑步姿势才不会受伤？戳图涨姿势↓↓,1
 女大学生宿舍产子 怕人发现将孩子杀害装进行李箱带回老家 ，在合肥读大学的21岁女生汪某，今年3月时在宿舍产下了一名婴儿。她担心被人发现，竟掐婴儿脖子并用剪...            ,1
 女学生因血型罕见被强行多抽一百毫升，血站：反正也没事，多给点吃的就好了 ，在网上看到这样一则消息：一名大三学生小倩和她的朋友离开校门时，看到附近有一辆献血...         ,1
 女子双十一疯狂购物23万！老公当场昏倒抢救无效死亡！ ，据新闻报道，双十一凌晨两点一男子不停听到手机信心响铃，打开后看到4张信用卡被疯狂刷爆！当时以...         ,1
 女子学开车意外撞死奶奶，让教车的丈夫顶包[怒] ，近日，四川资阳。一女子让丈夫教其开车，由于其第一次开车不懂如何操作，直接撞上了站在路边的奶奶致其身...            ,1
 朋友圈寻亲，提醒转发 ，视频中小姑娘被拐卖到郑州了，希望寻找家人。看见的朋友相互转发一下吧！感恩！说家是王庄的，爸爸叫张建！ ,1
 辟谣 ，这几张图片是NASA宇航员在太空拍摄到的飓风佛罗伦萨，不是“山竹”。 ,1
 平衡木上，她挥洒过汗水，敢打敢拼成为了她的代名词，她是邓琳琳。不断超越自己，她还将创造更多可能性。头条奥运倒计时83天，今日开屏明星邓琳琳 ，“谁说梦想和现实，不能平衡。”来今日头条，了解更多关于邓琳琳的独家资讯。,1
 人间悲剧！安徽六安男方拿不出28万彩礼，女孩跳井身亡引发悲剧！不娶了？？[伤心] ， ,1
 赛场上，她出拳毫不犹疑，生活中，她却是一位能够背诵整篇《琵琶行》的传统文化爱好者，她是综合搏击运动员，“搏击玫瑰”唐金。头条奥运倒计时79天，今日开屏明星自由搏击唐金 ，“有实力，才能搏眼球。”来今日头条，了解更多关于唐金的独家资讯。?全文,1
 三次打进奥运决赛，他让直板横打打法成为乒坛的主流打法，他是王皓。身为运动员，他不断战胜自己、战胜困难。头条奥运倒计时61天，今日开屏明星王皓乒乓 ， “王者之路，意味着百折不挠。”来今日头条，了解更多关于王皓的独家资讯。,1
 嗓音清凉飘逸，歌声激情充沛，他是王铮亮。卓尔不群，勤奋刻苦。头条奥运倒计时50天，今日开屏明星王铮亮 ， “音乐王者，‘亮’剑出鞘。”来今日头条，了解更多关于王铮亮的独家资讯。,1
 厦门公交车起火爆炸已致47人死亡 ，昨天18点20分，厦门一辆公交车行驶中突然起火，目前已致47人死亡，38人受伤。公安机关现场勘察发现，助燃剂为汽油，而该公交使...         ,1
 厦门公交起火爆炸案伤者包括4名高考生 ，厦门公交车起火爆炸案，已造成47人死亡，34人受伤，其中12人重伤，5人危重。伤者包括4名高考生，1名已出院，3名依旧住院治疗...         ,1
 山东小伙小朱几天前他竟然留下一条短信，说自己要去峨眉山跳崖 ，　　山东小伙小朱是一个刚刚毕业的大学生。他的父母向媒体求助，小朱与不久前只身来到四川旅游，可让...            ,1
 什么都可以惹，千万别惹社会上的鹅[笑cry]（转）,1
 声音和演唱方式都有极高的辨识度，他是吴克群。一路走来，他仍怀抱着对唱歌的热爱。头条奥运倒计时63天，今日开屏明星吴克群 ， “从不克制野心。”来今日头条，了解更多关于吴克群的独家资讯。,1
 时而英气潇洒，时而仙气妩媚，她是张天爱。骄傲而凌厉，她的眼神执着坚毅。头条奥运倒计时58天，今日开屏明星Crystal张天爱 ， “像少女一样的梦想，像少年一样拼。”来今日头条，了解更多关于张天爱的独家资讯。,1
 叔叔阿姨，你们真的认错狗了！！！[二哈][二哈][二哈]（转）,1
 帅气阳光，谦虚低调，他是林o。彬彬有礼，与众不同。头条奥运倒计时52天，今日开屏明星林峰官网 ， “永远有座高峰，等我去征服。”来今日头条，了解更多关于林o的独家资讯。,1
 岁月静好.... 就想这么静静飘荡一生.....[二哈][二哈][笑cry]英国那些事儿的秒拍视频,1
 他被媒体称为“最秀鲜霸”，展现出不可抵挡的偶像魅力，他是曾舜。头条奥运倒计时76天，今日开屏明星曾舜Joseph ， “早安少年，不驻足昂首前行。”来今日头条，了解更多关于曾舜的独家资讯。,1
 他被誉为古装男神，明眸皓齿，温润如玉，他是乔振宇。勇于尝试，他从不放弃。头条奥运倒计时62天，今日开屏明星乔振宇 ， “十年苦练，才不会昙花一现。”来今日头条，了解更多关于乔振宇的独家资讯。,1
 他的电影既像不间断变化翻新的风景，又像多声部复调回旋的乐曲。他是陈可辛，他说口碑比票房更重要。头条奥运倒计时36天，今日开屏明星Pete三姑丈 ，“导演自己的辉煌。”来今日头条，了解更多关于陈可辛的独家资讯。,1
 他的文字细腻，温暖治愈，一本《从你的全世界路过》感动无数读者。他是张嘉佳，他将用电影重述《摆渡人》的故事。头条奥运倒计时31天，今日开屏明星张嘉佳 ，“向全世界证明自己。”来今日头条，了解更多关于张嘉佳的独家资讯。,1
 他解说过无数场经典球赛，既全面专业又激情澎湃，让那些精彩瞬间在球迷心中定格成为永恒。他是黄健翔，他中国体育解说界难以跨越的标杆。头条奥运倒计时47天，今日开屏明星黄健翔 ， “你不是一个人在战斗。”来今日头条，了解更多关于黄健翔的独家资讯。?全文,1
 他们是冬奥会花样滑冰世界冠军，他们是申雪和赵宏博，他们的爱情和他们的事业一样完美。头条奥运倒计时24天，今日开屏明星申雪宏博 ， “一个人的成功，两个人的辉煌。”来今日头条，了解更多关于申雪和赵宏博的独家资讯。,1
 他谦虚、知性、爱思考，懂得如何去诠释角色，如何给角色注入更有活力的东西。他是佟大为，一个不可多得的好演员。头条奥运倒计时22天，今日开屏明星佟大为 ，“全力拼搏，大有作为。”来今日头条，了解更多关于佟大为的独家资讯。,1
 他饰演的徐太宇自然不做作，霸道又纯情，他是王大陆。勇于尝试，从不停止。头条奥运倒计时51天，今日开屏明星王大TaluWang ， “每走一步，就能发现新大陆。”来今日头条，了解更多关于王大陆的独家资讯。王大陆官方后援会,1
 他是“中国佐罗”，他是仲满，凭借闪电般的剑术和合理的战术，他成为中国奥运史上首位男子击剑世界冠军。头条奥运倒计时35天，今日开屏明星击剑仲满 ，“梦想面前永不自满。”来今日头条，了解更多关于仲满的独家资讯。,1
 他是《蓝色大门》里的张士豪，也是《我可能不会爱你》里的大仁哥，他是陈柏霖。有着帅气的面庞，但他从未停止努力。头条奥运倒计时57天，今日开屏明星柏霖  ， “要帅，就一路帅到终点线！”来今日头条，了解更多关于陈柏霖的独家资讯。,1
 他是《痞子英雄》里的吴英雄，他是《致青春》里的陈孝正，他是《九层妖塔》里的胡八一，他是赵又廷，他努力成为一个好演员。头条奥运倒计时16天，今日开屏明星HEROw又廷 ， “谁不想圆梦！”来今日头条，了解更多关于赵又廷的独家资讯。,1
 他是《武林外传》的白展堂，她是《京华烟云》的牛素云，他们是沙溢和胡可，他们的爱情和事业同样引人羡慕。头条奥运倒计时10天，今日开屏明星沙溢 胡可 ， “赢了成绩，不输幸福。”来今日头条，了解更多关于沙溢和胡可的独家资讯。,1
 他是好歌手也是好演员，谦虚认真有灵性，他是井柏然，他身上巨大的潜力，让人感到未来不可限量。头条奥运倒计时7天，今日开屏明星井柏然 ，“敢拼的人，不相信偶然。”来今日头条，了解更多关于井柏然的独家资讯。,1
 他是机智幽默的画家，以纯粹的赤子之心画漫画。他是朱德庸，他的作品溶解了无数人的喜怒哀乐，让人将不快一笑而过。头条奥运倒计时30天，今日开屏明星朱德庸 ，“像孩子一样追梦。”来今日头条，了解更多关于朱德庸的独家资讯。,1
 他是来自22世纪的猫型机器人，他是野比大雄最亲密的朋友，他是哆啦A梦，他的四维空间口袋里总是充满各种奇妙的道具。头条奥运倒计时12天，今日开屏明星哆啦A梦，“努力是圆梦的任意门。”来今日头条，了解更多关于哆啦A梦的独家资讯。,1
 他是伦敦奥运会男子双杠冠军，他和队友们以矫健的身姿为祖国赢得荣誉。他是冯矗体育是他的职业也是他的信仰。头条奥运倒计时45天，今日开屏明星冯葱∨ ，“双脚离地，伸手摘金。”来今日头条，了解更多关于冯吹亩兰易恃丁,1
 他是拳台上的主人，他是杨连慧，他让世界知道中国人可以在拳击台上轻松表演。头条奥运倒计时17天，今日开屏明星拳手杨益 ， “上场从未想过输。”来今日头条，了解更多关于杨连慧的独家资讯。,1
 他是首位进入F1大奖赛的中国车手，他身上有一个农业帝国童年的梦想：速度意味着美，意味着一切。他是马青骅。头条奥运倒计时41天，今日开屏明星马青骅 ，“一马当先，一往无前。”来今日头条，了解更多关于马青骅的独家资讯。,1
 他是型男，演技精湛，他是杨佑宁。从《十七岁的天空》到《一页台北》再到如今的《寒战2》，他带给我们的惊喜越来越多。头条奥运倒计时28天，今日开屏明星畹vYOYANG ，“奋战梦想，时刻待命。”来今日头条，了解更多关于杨佑宁的独家资讯。?全文,1
 他是一位音乐诗人，他的音乐充满幻想，他是李云迪，他的手指拥有诗意和技巧，将冷静与炽热融于一体。头条奥运倒计时5天，今日开屏明星李云迪YUNDI ，“坚持梦想，直上云霄。”来今日头条，了解更多关于李云迪的独家资讯。,1
 他是音乐才子胡彦斌，今天是他的生日，祝他生日快乐，收获更多的惊喜与美满！头条奥运倒计时32天，今日开屏明星胡彦斌 ，“靠实力，赢天下。”来今日头条，了解更多关于胡彦斌的独家资讯。,1
 他是在生物医学界拥有国际影响力的科学家和企业家。从华大基因到碳云智能，王俊一直进行着一个又一个挑战，不停地奔跑，不断设置新起点，冲向更高的山峰。头条奥运倒计时70天，今日开屏明星王俊-碳云智能 ， “上场，做自己的王者。”来今日头条，了解更多关于?全文,1
 他是中国电竞第一人，也是卫冕WCG魔兽争霸的世界第一人。他是SKY，他从未放弃过他的梦想。头条奥运倒计时39天，今日开屏明星SKY李晓峰 ，“不给自己，第二的机会。”来今日头条，了解更多关于SKY的独家资讯。,1
 他是中国羽毛球名将，和林丹并称为体坛的双子星。他是鲍春来，从体育界到演艺圈，期待他完成精彩的蜕变。头条奥运倒计时29，今日开屏明星鲍春来 ，“来，享受比赛。”来今日头条，了解更多关于鲍春来的独家资讯。,1
 他是著名足球评论员，极具个人风格的解说给球迷留下许多生动的记忆。他是刘建宏，他对中国足球充满感情。头条奥运倒计时38天，今日开屏明星刘建宏 ，“梦想，没有说的那么简单。”来今日头条，了解更多关于刘建宏的独家资讯。,1
 他说过“谁的青春不迷茫”，他也说过“你的孤独，虽败犹荣”。他是刘同，现在，他要“向着光亮那方”。头条奥运倒计时43天，今日开屏明星刘同 ，“梦想无需别人认同。”来今日头条，了解更多关于刘同的独家资讯。,1
 他通过歌声传达感动与执着，积极向上的曲风赢得大众喜爱。他是周华健，他的音乐尽管没有太多的技巧修饰，却能够让人感受到真心真情。头条奥运倒计时21天，今日开屏明星周华健，“没有人能随随便便成功。”来今日头条，了解更多关于周华健的独家资讯。?全文,1
 他外形帅气，偏偏才华横溢。他是曾国祥，从《恋人絮语》到《醉后一夜》再到《七月与安生》。他导演的作品值得期待。头条奥运倒计时34天，今日开屏明星曾祥 ，“七月过后，依旧炽热。”来今日头条，了解更多关于曾国祥的独家资讯。,1
 他温和儒雅，有偶像的外表，也有观众认可的演技，他是冯绍峰，他喜欢富有挑战性的角色，努力让自己与角色融为一体。头条奥运倒计时19天，今日开屏明星冯绍峰 ， “不冒风险，哪有巅峰。”来今日头条，了解更多关于冯绍峰的独家资讯。,1
 他喜欢诠释深沉厚重的角色，用精湛演技征服了观众，他是黄志忠。凭着斗志，他塑造了一个个有血有肉的角色。头条奥运倒计时75天，今日开屏明星演员黄志忠 ， “斗志，是每个人的天赋。”来今日头条，了解更多关于黄志忠的独家资讯。,1
 他性格沉稳，有实力、有潜力，他是樊振东，19岁的他已获得多个乒乓球世界冠军。头条奥运倒计时9天，今日开屏明星樊振东123  ， “对手越强越振奋。”来今日头条，了解更多关于樊振东的独家资讯。,1
 他阳光帅气，他是一代人的绝版青春，他是吴奇隆，他不断挑战和突破自己，拥有一颗谦虚的心和永不倦怠的学习精神。“肩扛梦想，脚踏现实。”来今日头条，了解更多关于吴奇隆 的独家资讯。,1
 他有天马行空般的想象力，可以把一个平淡故事讲得惊心动魄。他是南派三叔，他忠实于读者，认为写作就是为了给读者带来愉悦。头条奥运倒计时27天，今日开屏明星南派三叔 ，“成功没有剧本。”来今日头条，了解更多关于南派三叔的独家资讯。,1
 他扎实、全能，他是奥运吊环冠军陈一冰，他在体操赛场表现完美，所向披靡。头条奥运倒计时1天，今日开屏明星陈一冰 ，“梦想，要自己牢牢握住。”来今日头条，了解更多关于陈一冰的独家资讯。,1
 他治愈系的微笑，充满灵气的眼神，虏获了众多影迷的心。他是李现，他不仅有帅气的外形，更有纯熟的演技。头条奥运倒计时44天，今日开屏明星李现ing ，“用坚持兑换梦想。”来今日头条，了解更多关于李现的独家资讯。,1
 她曾是奥运体操冠军，如今是优秀演员，她是刘璇，她从体操传奇到电影传奇的经历，充满了惊喜。头条奥运倒计时12天，今日开屏明星刘璇 ，“不停旋转不停歇。”来今日头条，了解更多关于刘璇的独家资讯。,1
 她出众的外貌和清新的主持风格，给热火朝天的球赛带来了阵阵清凉。她是刘语熙。头条奥运倒计时37天，今日开屏明星刘语熙rachel ， “忘了镜头，全程投入。”来今日头条，了解更多关于刘语熙的独家资讯。,1
 她的表演风格多变，不循规蹈矩，含蓄、感性，又极具杀伤力。她是周迅，她的灵气令每一位观众过目不忘。条奥运倒计时20天，今日开屏明星i周迅 ， “每个人都有梦想的权利。”来今日头条，了解更多关于周迅的独家资讯。,1
 她的歌曲明朗清新，又不失精致美妙。她是蔡健雅，她唱出生活的点滴感触，抚慰了都市里无数男女。头条奥运倒计时40天，今日开屏明星蔡健雅 ， “步步稳健，是强者的优雅。”来今日头条，了解更多关于蔡健雅的独家资讯。,1
 她的每一张专辑都曾获得年度销售总冠军，她是李宇春。被称为“舞台皇后”，她具有天生的巨星风范。头条奥运倒计时72天，今日开屏明星李宇春 ， “让不服输的心，野蛮生长。”来今日头条，了解更多关于李宇春的独家资讯。,1
 她的文字洞穿世情人心，却始终温暖着激励着她的读者。她是苏岑，她说长得漂亮是优势，活得漂亮是本事。头条奥运倒计时42天，今日开屏明星苏岑 ， “做自己的女王。”来今日头条，了解更多关于苏岑的独家资讯。,1
 推荐一种带汪出门的神器，如果担心背在后面被人偷摸，还可以挂在胸前[笑cry]不过你家要是养了雪橇三傻之类的还是算了！,1
 吓唬小狗，被人家长找上门后秒怂的一只汪。。。“大哥，真不是我干的！”[二哈][二哈][二哈]我的朋友是个呆B的秒拍视频,1
 徐志摩：毕生行径都是诗，随遇自有乐土 ，有人说他是柳三变和纳兰性德转世，有人说他是近现代诗坛的第一位“男神”。他就是徐志摩，1931年的今天，徐志摩因飞机失事罹难，时年36岁。他轻轻地走了，但他的文字却一直重重敲击着我们的内心。他的诗，你能背诵几首？戳图重温。[微风],1
 一般我不说别人，可是你们的智商……膝盖给你就是了！[嘻嘻][嘻嘻][嘻嘻],1
 一代宗师李小龙 ，泰国人称他为武打至尊，美国人称他为功夫之王，日本人称他武之圣者，电影界称他为功夫影帝。他自创截拳道，用33岁和四部半电影缔造了不朽的东方传奇。他是打入好莱坞的首位华人，他将 Kung Fu(功夫)一词写入了英文词典。1940年的今天，李小龙诞生。怀念巨星！[蜡烛],1
 一家人发誓每天大家只能用英文交流，哈哈哈哈结局猜错了，我不行了！[笑cry]秒拍视频 你上学时候有干过“只许说英语”这件事吗？,1
 一看就是老司机，稳稳的，还会观察周围路况……服！[二哈][二哈][二哈]（转）,1
" 忆巴金 ，①他自幼多病，却乐观活到101岁；②他与冰心为友，为鲁迅抬棺，创作翻译作品近1300万字，”激流三部曲""奠定文坛地位；③他一生追求真与善，晚年坚持""说真话""，八年写成《随想录》。""我唯一心愿是：化作泥土，留在人们温暖的脚印里。""今天，文坛巨匠巴金诞辰112周年，缅怀！",1
#暴打女孩嫌疑人被抓# 急需警方澄清这个消息[微笑]澎湃新闻绵阳网警巡查执法女孩既然出院了为什么，为什么一个人影都没有拍到？医院的监控可以调出来吗？请让我相...         ,1
#北京地铁2号线男子坠轨# 崇文门站一男子坠轨还是卧轨 ,1
#北京领养[超话]# 北京天坛的实验犬，求收养。十一之后无人收养会被安乐死的 ?         ,1
#北京事哥# 苍井空被聘请为中国少年先锋队辅导员。[喵喵] ,1
#被出轨到底有多可怕# 花心女，开着老公的豪车去找男人！当街被老公殴打，女子躺地不起惨叫连连！在浙江温州永嘉县市中心路段，一身穿灰色半袖，黑色短裤的男子和...            ,1
#波特兰伐木工[超话]#温县一中高三学生在寝室吃泡面一人预做开除处理，其余三人每人买二十箱[跪了]#校园分享# ?  俺河南教育 ????????????????????????????????[怒][怒] ?...         ,1
#波音737MAX8#请看埃塞俄比亚空难最后二分钟视频。 ,1
#彩礼悲剧# 安徽六安一女子，因为父母要彩礼28万，礼钱太多，男方不娶，导至女子跳井自杀 ，真是钱比命贵，命比纸薄，为了钱搭上女儿一条命，这下哭惨了。不识数...            ,1
#沧海有为# #期货# #煤炭#中国全面封杀澳洲煤炭进口！中国正式宣布――大连港永久停止进口澳方煤炭！中国和澳洲45个大学合作项目，终止！澳洲经济三驾马车：矿业...            ,1
#曹杨路#事情是这样，早上六点五十左右，上海地铁三号线江杨北路往南站方向，一女乘客下车没下去，夹在地铁门和栏杆门之间导致了惨剧的发生，视频慎点！！ ,1
#测绘仪被当成照相机砸掉#不是…这群人是怎么想的…脑残？ ?         ,1
#常德身边事# 小姑娘被拐卖到郑州了，小宝贝比较聪明自己逃出来了，家是湖南常德的，爸爸叫张健，寻找家人。看见的朋友相互转发一下吧。 ,1
#常州车祸肇事者被控制# 当地群里有很多现场拍的视频，都不让上传。只能说死了肯定不止3个 ?            ,1
#常州废酸泄漏#礼嘉泄露毒气都要到我这了，很近唉。就在隔壁 ?            ,1
#超强台风利奇马来了# 没事别出门，出门注意安全！ ,1
#超强台风山竹# 深圳沿江高速上演的一幕 ,1
#超强台风山竹# 整个广州都在等的初恋山竹。 ,1
#超强台风山竹##台风山竹# 一辈子第一次见到这么大台风??，也不枉此生了。看到一个视频发给你们看看广州的暴风闪电大雨。台风山竹过境，就像世界末日灾难大片！#Fu...            ,1
#成都暴雨# 成都今天的暴雨估计很多人都知晓了，还有不少人在传今晚会有比XX年更强劲的暴雨来袭。周边双流、华阳、新津、龙泉全都是雨。看看这段视频吧，一定看到最后……...            ,1
#成都暴雨# 龟龟 这雨??? ,1
#成都七中实验学校# 家长。跪求见市长。 ,1
#成都七中实验学校#关于我一点看法、想法、和事情经过吧。12号晚上12点临睡前发现业主群有关于七中实验食堂食品问题，因为两个侄子就读于该学校便持续关注到凌晨2点...         ,1
#城市生活家##烟台身边事#  9月20日7时许，烟台铁姆肯有限公司一仓库发生火情，无人员伤亡，经消防部门扑救，火势已经得到控制。起火原因正在调查中。 ,1
#崔雪莉确认死亡#雪梨死亡的公寓里发现了六具尸体……[吃惊] ?         ,1
#崔永元[超话]# 就在刚刚，美国出大事了！    纽约皇后区发生商业街大爆炸事件，又一次911。美国的电视已经在报道。 ,1
#崔永元主持人[超话]#就在 刚刚！！！   美国真的真的又出大事了！！！  纽约皇后区发生商业街大爆炸事件，又一次911。美国的电视已经在报道...            ,1
#打死金毛犬男子被刑事拘留##打死金毛犬男子被刑事拘留#1.泰迪看到金毛激动，扑向金毛，金毛感到危险，护主，用力不慎，咬死了泰迪。2.泰迪未牵绳，金毛牵绳了。...            ,1
#打死金毛犬男子被刑事拘留#麻烦各位一定要清楚事情经过。金毛是上过学有各种证书的狗狗，而对方泰迪主人遛狗不栓绳，泰迪像金毛猛扑，金毛反击施力不当咬死...            ,1
#那年今日# 2013年的今天：中国嫦娥三号探测器成功落月！[威武] ，2013年12月14日，嫦娥三号探测器成功落月，中国成为世界上第三个有能力独立自主实施月球软着陆的国家。中国嫦娥三号月球探测器已创造全世界在月工作最长纪录。中国空间站计划2020年前后建成，那时你多大了？一起为中国航天加油！传递！,1
#男子娶山大女生# 开始以为是段子手新编的呢。没想到是真的！山大校风如此性开放，给黑人留学生创造条件。谁还敢让闺女去那上大学啊？万达的主持人被开除有点冤！山大...         ,1
#南部战区警告美国变花样当心发生不测# 突发 ，据俄媒《军工信使》22日报称：一艘疑似美国潜艇在中国南海发生当量10-20千吨的爆炸，深度50米，目前有关方面已检测...         ,1
#南宁有话king# 网友买肉松蛋糕，发现肉松竟然是棉絮做的？你遇到过吗？[衰] ，网友爆料:在超市买的肉松蛋糕，发现是棉絮的，难嚼，燃烧后有烧焦味！你吃的肉松有...         ,1
#南山大道车祸# 严惩酒驾司机的同时也请严惩闯红灯电动车，如果没有这个电动车不会有这么严重的车祸！深圳电动车到处乱串不遵守交通规则是司空见惯的事情，存在很大...            ,1
#你竟然是这样的快车车主#  在今日头条，他是程序员；下班后，他化身快车司机；乘客说他是知心小哥，他说我做的这叫个性化体验。滴滴出行滴滴快车中粮我买网-食品网购专家小猪短租网波司登_BOSIDENG寺库SECOO手机QQ浏览器暴走漫画王尼玛秒拍视频,1
#宁波一村庄爆发山洪#看看椒江一桥二桥多严重，在浙江的朋友们小心#台风利奇马# ,1
#女孩深夜遭男子殴打扒衣拖行#这个情况怎么说呢？[笑cry][笑cry][笑cry] ?         ,1
#女子遭殴打犯罪嫌疑人照片#我们要看见受害人照片 女子真的没事了吗 请媒体不要敷衍大众好吗 ?         ,1
#殴打女子嫌疑人工作是催债#看图 ?         ,1
#拍客大作战[超话]##We车纪实[超话]# 昨天普吉岛翻船至1死53失踪，大部分中国游客在船上。天呢！当年我也坐过类似的船，大自然的变化太可怕了！,1
#平顶山身边事# 平顶山三辆货车相撞车载天然气泄漏 致2死1伤 ，宝丰县闹店镇至县城方向的公路上发生一起严重交通事故，三辆半挂货车相撞，致使两死一被困。其中...         ,1
#平顶山生活#  网友爆料：平顶山新城区湖边早上出现海市蜃楼美景，是真的吗？,1
#萍乡暴雨#萍乡武功山路段山口岩水库全力泄洪！祈祷平安！?????? ,1
#莆网消息# 江苏无锡高架垮塌事故原因据事故调查组介绍，4台货车同顺方向倾覆匝道右侧翻落至地面，由北至南排序分别编为1―4号车。1号车(黑AH3976号)为2轴货车、...         ,1
#濮阳身边事# 加油站，因为天热，加油时拿手机扫二维码，当场引起爆炸，愿大家开车加油时，炎热的夏天，千万别拿着手机加油啦！！#河南爆料# ,1
#普吉岛寻人#手机记录 泰国游船翻覆时 船上恐惧的中国游客。据说仍有中国游客失踪，望平安！??#泰国##开车大神##泰国游船翻船# ,1
#普吉翻船事件遇难人数#[悲伤]????????????????祈祷。都平安。   NO?重演铁达尼号的事件[悲伤][悲伤][悲伤][悲伤] ?,1
#普吉翻船事件遇难人数#40条生命，就此逝去，生命的脆弱不堪，世事的无常变化，谴责已经没有意义，警示也无价值，我们只能继续祈祷，剩下的人平安归来（视频非本次...            ,1
#普吉翻船事件遇难人数#7月6日，普吉2艘游船倾覆，百名游客落水。经过普吉救援人员一上午的搜索，海军潜水员已经找到凤凰潜水（Phoenix Diving）号沉没游艇 ,1
#汽车资讯# 郑州林肯4S店在试驾过程中发生事故，1死4伤……[衰][衰][衰] ,1
#钱，一把杀人不眨眼的刀#著名作家诗人余秋雨先生从重症监护室出来，因耳闻目睹医院诸多黑幕，不无感慨地说:我病了，社会也病了。是啊，这是一个有钱人的世界...            ,1
#潜龙爆料幽默话题[超话]#埃航失事客机黑匣子已找到，这是自动记录仪录下的最后10秒钟，人们濒死的惨叫声…，活着就是最大的幸运，没那么多的事和人值得你去计较，...            ,1
#墙裂推荐[超话]# 福建政和：一个2岁的孩子吃瓜子卡住，送到县医院后悲剧了，希望孩子一路走好[蜡烛]今天看见这是第二例悲剧，希望家长都能细心照料好宝贝，如果噎...            ,1
#墙裂推荐[超话]#图片显示位“广州市第二十一中学国际部教师证”，该外教将避孕套和教师证明放在一起发朋友圈，并配文“teachin inChina（在中国教书）”。这里面有几层...         ,1
#中国新唱将# #头条原创精选#寒风凌冽，歌声温暖，头条唱将撩人翻唱《走在冷风中》！天苍苍，野茫茫，寒冬腊月雪花扬，本周中国新唱将为大家送上冬日优美的旋律，没有绝对的颜值，只有绝对的嗓音，还在等什么？ 秒拍视频 .,1
#中国新唱将#6亿大众评审的数据化视频音乐选秀，让好音乐遇到懂得聆听的耳朵。全国26家唱片公司覆盖，明星导师鼎力支持，今日头条更懂你的声音[话筒][话筒][话筒]点击链接参加，下一个中国新唱将就是你,1
#中国新唱将#第五期月冠军歌者杨子 在#天籁之战#的表演太精彩了～恭喜杨子和Karen莫文蔚 都找到自己的一生所爱[心]想了解杨子一路走来的心路历程，请戳这里[左]?《中国新唱将杨子人物专访：唱舒服的歌，过平淡的日子》 中国新唱将杨子人物专访：唱舒服的歌，过平淡的日子,1
#重庆煤矿爆炸事故# 矿井北巷主巷道毒气排出 正全面搜救 已13人遇难[蜡烛] ，截至11月1日9时，经过核实，事故现场已发现13名被困人员无生命特征，20人下落不明。另据央视，截至10点，主巷道中的有毒有害气体已全部排出，对失踪人员的全面搜救正在进行。现场情况如何，戳视频↓中国新闻网的秒拍视频,1
#重庆煤矿爆炸事故# 事故已致18人遇难[蜡烛] ，截至目前，事故搜救队伍已发现18名遇难矿工遗体，还有15名矿工下落不明。事发矿井井下局部巷道瓦斯浓度仍然较大，排放毒气和搜救工作仍在紧张进行。(记者 刘相琳)据新华视点 ：永川煤矿法人代表、矿长已被警方控制。不到最后一刻决不放弃！祈福！,1
#重阳节# 中国每天走失1370位老人，你老了会走丢吗？ ，今天发布的《中国老人走失状况白皮书》显示：全国每天平均走失1370位老人，多数为失智老人。Ta可能遗忘了这个世界，但这个世界不能忘掉Ta。关爱这些老人，一起帮他们找寻回家的路！秒拍视频,1
? 李克强与中东欧16国领导人共同见证16+1多项合作文件签署 ，当地时间5日下午，第五次中国―中东欧国家领导人会晤后，李克强总理与中东欧16国领导人集体出席签字仪式，共同见证16+1战略对接、金融、民航、科技、教育、地方等领域合作文件签署。随后中拉两国总理为中国―中东欧金融控股有限公司揭牌。,1
[话筒]#重要公告#今日头条与东方IC达成战略合作协议，“东方IC”正式成为“今日头条娱乐频道”的独家外派拍摄团队。今起，今日头条娱乐频道将接受各类电影电视发布会、娱乐盛典、影视剧探班等活动的拍摄需求。业界伙伴们，欢迎来找！[来],1
[话筒]有网友向平安北京 求证，网传“北四环出事儿了”，还有小视频，这是真的吗？[吃惊]警察蜀黍负责任的查询后，告诉大家这是假消息，各位放心吧。[拜拜]不过，造谣者可是会摊上事的！！！[衰],1
［今天开业的苹果新一代零售店长什么样？］苹果公司能否成为社区的艺术中心依旧要取决于苹果引进当地人才并将其空间不仅用于营销的态度是否真诚。苹果似乎有意在确保人们的目的是进入零售店，而不是购买新款的 iPhone。Ahrendts 说：“它不仅仅是个商店，我们想让人们说：‘嘿，我们在苹果店见。’”?全文,1
［无人车撞人？Google想出了一个疯狂的办法―把人粘住］ Google 想出了一个简单但又疯狂的办法：当无人车撞人不可避免时把人粘住来降低事故对行人造成的伤害。无人车撞人？Google想出了一个疯狂的办法―把人粘住,1
［直播和无意识狂欢：蜜糖砒霜，互不相碍］如果说真人秀的热潮受益于美国电视产业的繁荣，那么这节“失落之课”则在中国以直播为象征实现了历史的重演，窥私欲引发无聊经济，而后者塑造了平民偶像的时代梦。有多少美国青年向往卡戴珊的纸醉金迷，就有多少中国网红憧憬Papi酱的遐迩闻名。?全文,1
“买彩票中奖最高的人，竟是中国彩票管理中心14名领导。几十年来共中500万大奖27200注，累计1360亿，打破人类有史以来的买彩票中奖记录！ 正是这个叫王素英...            ,1
“山竹”来了，香港实拍[傻眼] ,1
“山竹”壮观图。 ,1
“数字时代让广告行业在夹杂着茫然、疑虑和试错的同时，也充满挑战和希望。这与《广告狂人》所展示的黄金时代十分相似。” 技术趋势下的顺势而为，从《MAD MEN》到“MAD DATA”。第九届金投赏 10月20日，今日头条致敬经典。,1
“我想回家”被拐儿童在广东汕头派出所，口音像云南文山，帮朋友转发一下，爱心接力????#正能量##广东##云南# ,1
《#南航#这是中国南航航空公司的波音747客机，满载450名乘客。它的一个发动机被一架无人直升机撞了并引起另一个引擎失火，飞行员水平非常高，沉着应对将飞机停在...         ,1
《#游客遭瑞警察粗暴对待#瑞典大闹酒店的这家子人，刷了波存在感后，已经开始愉快地分享旅程了，还搔首弄姿没事儿人一样，内心真强大。》曹增光在百度App发表了新动...         ,1
《美军核潜艇在南海发生爆炸，当量超万吨，中国检测到核辐射异常》根据该媒体揭露，目前中国大陆和台湾地区已经检测到放射水平逐渐上升，具体信息仍在确认中。,1
《我的祖国》我的祖国是首歌，歌声嘹亮震山河。涛涛山河壮丽美，浪花朵朵色彩多。秀美色彩浪装点，画面绚丽多快乐。欢乐组成美丽景，浪涛咏唱赞祖国。   ...            ,1
《现在还有这样的警察和政府官员真气死人，本人也未知事件真假是转自朋友群里说的说是真事件被地方封锁消息...》昨天松桃四中学生打死人事件乜调查出结果，五...            ,1
《中国经济周刊》记者王群陕西安康报道:2019年11月2日，陕西省安康市汉滨区委、区政府召开公开处理大会，17名阻挠重点工程建设的人员被挂牌公处，其中，因为索...         ,1
「汶川地震后十年 中国香港为灾区捐款200亿港币，位居世界除中国外各国家地区捐款排名榜第一」据维基百科：2008年5月12日四川汶川大地震发生后48小时，香港立法会就...         ,1
『副县长染上艾滋病？全县女干部、女老师都往医院跑！』,1
『突发！封杀澳大利亚，无限期禁止进口澳洲煤炭！』,1
『突然！中国正式宣布：无限期封杀澳大利亚！直接死刑！！』,1
『余秋雨得肝病住进医院，感受是:我病了，社会也病了』,1
『中国正式宣布：无限期封杀澳大利亚！直接死刑！！』,1
8毛钱治好婴儿的病，医生却说要动3次大手术准备10万住院费……婴儿便秘，深圳儿童医院给婴儿照10多次X光，检查100多项，最后要给婴儿动三次大手术。孩子父亲到了广州，....            ,1
8月10日，陕西汉中，网友爆料一老人自残式碰瓷！老太太用头猛撞轿车保险杠，经协调，车主给老人赔偿了3000元。网友：这是敲诈勒索。,1
8月13日傍晚，广东东莞，保安一拳打倒女摊主。在一旁目睹了全过程的女商贩年幼的女儿吓得哇哇大哭。保安甚至对女童说：“跪下哭，你妈妈死了。”[怒] ?         ,1
8月13日傍晚，广东东莞保安一拳打倒女摊主。在一旁目睹了全过程的女商贩年幼的女儿吓得哇哇大哭。保安甚至对女童说：“跪下哭，你妈妈死了。”[怒] ?         ,1
8月28日，首都航空JD5759（北京飞往澳门）因机械故障备降深圳宝安机场。该航班有5名旅客轻伤，其余旅客和机组均安全撤离。业内人士称，飞机前起落架和发动机受损...            ,1
CNN播出:回顾埃航最后手机影像(最后坠毁窗外机翼上有很明显的埃航标志)，感慨！生命安全最重要！#埃航坠机现场视频曝光##埃航##桂林航空##航空##生命短暂# h...            ,1
ios用户今天把网易云音乐删了重新下，会得到3个月的免费会员，不谢[酷] ,1
Lo娘这下玩大了，这设备价值20的多万？？？？[疑问]地规学院汉服社在银杏林拍外景，正好和测绘撞车，汉服娘以为测绘人员是盗拍她们的照片，汉服娘之后推倒测绘仪器...         ,1
昨天10点19分内蒙古锡盟东乌旗发生地壳推移。这是人类第一次用视频记录看到地壳运动！开眼了，大自然真是不可抗衡啊！ ,1
窗心传递！被拐儿童在广东汕头派出所，口音像菏泽及其周边的，转发一下希望早点找到他爸妈！你的冷漠，可能会失去他们团聚的机会。爱心接力??！ ,1
待待椿霾坏バ校∮质侵厍欤今天重庆李家沱长江二桥又有一辆大客车冲到长江去了， 没有人逃出来， 是万盛过来的长途，死亡的乘客更多，重庆到底怎么啦！???? ,1
??????注意啦：5号北京全市有一次集中打狗，那天没证的狗一定别出来，各区局长带队[抓狂]。群护的朋友尽可能把流浪狗藏起来吧?????? ?         ,1
????中国孩子被狗咬了 ,1
??澳洲一中国女子过马路闯红灯， 被警察拦下要处罚，女子开始撒泼，又从包里掏出一把刀，警察三次最严厉警告后她继续打电话直接被击毙！要记得，别任性，你们不...            ,1
??澳洲一中国女子过马路闯红灯， 被警察拦下要处罚，女子开始撒泼，又从包里掏出一把刀，警察三次最严厉警告后她继续打电话直接被击毙！要记得，别任性，你们不....            ,1
??????万达广场昨天发生的：老公不给老婆买衣服、还用脚踢老婆老婆一气之下跳楼摔死了，悲哀呀心痛 一条命 不值一件衣服，所以女人自己赚钱想买什么东西都可以买...            ,1
?? 埃航失事客机黑匣子已找到，这是自动记录仪录下的最后10秒钟……人们濒死的惨叫声，多么恐惧和绝望??……活着就是一种幸运，保持一份好心情，去见你想见的人，去做你想...            ,1
奔走相告:  未经证实的消息，说某国的潜艇在我国南海附近爆炸了。   中国资本市场的某些资金的胆量，他们的勇气，他们的能力，差的连狗屎都不如。...         ,1
本人：刘波，电话：15864936688，今天上午的5岁儿子在洛阳市双语幼儿园附近被人拐走了，儿子能说出他妈妈的手机号码 从监控上看是被一个三十多岁女人抱走了现我们家...         ,1
本人：刘波，电话：15864936688，今天上午的5岁儿子在双语幼儿园附近被人拐走了，儿子能说出他妈妈的手机号码 从监控上看是被一个三十多岁女人抱走了现我们家老奶奶...         ,1
蹦极不带绳？蹦极这种项目，如果不做好安全防护，那是很危险的！[摊手]终于知道蹦极项目为什么没有差评了~ #旅行##夏日旅行# ,1
蹦极绳子忘记绑了 ,1
蹦极太危险了，安全员的疏忽导致了一位大美女的牺牲。 ,1
别讲话[嘘] 用心去感受～[捂脸]广州白云区陈田村130亿拆迁赔偿款到位，村部礼堂分钱，5000人。每人260万。 ,1
宾夕法尼亚州军火库爆炸 ,1
博友们注意了，天空出现地震云了，不知道哪里要大震了! ,1
不曝光到网上，这件惨案永远无法水落石出！[怒]案件扑朔迷离，疑点重重！ ,1
不求点赞 ，只求转发。 甘肃省酒泉西峰人，施暴者是继父，望有关部门救救这个可怜的孩子。朋友圈的大神们，请求大家动员自己一切的资源力量，救救可怜的孩子，不要...            ,1
不求点赞 ，只求转发。 甘肃省西峰人，施暴者是继父， 这人渣不抓，这孩子活不成，望有关部门救救这个可怜的孩子，从哪可以报警？请大家朋友圈转发一下呼吁社会...            ,1
不求点赞 只求转发 甘肃省西峰人 继父 望有关部门救救这个可怜的孩子[抱拳][抱拳][抱拳]看着心疼死了。我不明白为什么会有如此畜生一样的人 ,1
不求点赞 只求转发 甘肃省西峰人 小孩的继父 望有关部门救救这个可怜的孩子 大家转发把这个畜生人肉搜索出来！畜生呀[咒骂] ,1
不求点赞，只求转发甘肃省西峰人、继父！望附近部门救救这个孩子。西峰真是人杰地灵的好地方。关爱甘肃南部贫困留守儿童联盟,1
不求点赞只求转发甘肃省西峰人、继父！望有关部门救救这个可怜的孩子… ,1
不求点赞只求转发甘肃省西峰人、继父！望有关部门救救这个可怜的孩子…[泪][泪][泪][泪] ,1
不求点赞只求转发甘肃省西峰人、继父！望有关部门救救这个可怜的孩子…[流泪][流泪][流泪][难过] ,1
不求点赞只求转发甘肃省西峰人、继父！望有关部门救救这个可怜的孩子…真的好可怜的小孩子[流泪]…[弱][弱][弱]这是畜生啊。 ,1
此女孩名叫刘海燕20岁，湖南常德人以698分考入美国哈佛大学，美国举行全国学术论坛，以第一名夺冠回国[给你小心心][给你小心心]#心动的感觉##搞笑# ,1
此片是我同事一起传给我看的车内拍的画面！！#埃塞俄比亚航空一飞机坠毁# #埃航空难加拿大一家六口罹难# ,1
此人名刘海燕20岁，湖南常德人，以700满分考入美国哈佛大学，美国举行全国学术论坛，以第一名夺冠回国??? ,1
刺激了！！！义乌青口有一妇女，老公参赌。叫几次不回，挑来一担粪，把所有参赌的全泼了[偷笑][偷笑]这叫：见者有粪[允悲][允悲][允悲] ,1
从空中俯视，梧桐树将美龄宫围成了项链形状，成群结队的法国梧桐树表达了心形的爱意，这半座南京城的梧桐树是蒋宋的最美的爱情见证。 ?         ,1
1847年，澳T便C逊令宣奄博合法化。澳T向有“埠”之Q，博彩I在澳Tv史悠久，已有150多年v史、受UL“山竹”影第一次停I休息商欤 ,1
打黑除恶[拳头]自驾游恶意违法猎杀国家保护动物～藏羚羊。有一个人还说着上天堂吧，实在不好意思。另外一个人看着奄奄一息的藏羚羊太漂亮了，他的这句话是形容瞄准无...            ,1
大的天灾前夕，动物总是最先感应到的，但愿这次台风过境不要太猛烈。???????? ,1
大概不是新视频，但应该警惕。 ,1
大家帮帮忙拜托了?? ?? ?? 乌鲁木齐 刘波全家跪谢大家 本人：刘波，电话：15864936688，今天上午的5岁儿子在双语幼儿园附近被人拐走了，儿子能说出他妈妈的...            ,1
大家不要吵架啦，以后男人去日本买一个老婆回家了，日本女性机器人上市，遭到疯抢。完全按照真人比例打造的，除了不能生孩子以外，基本具备女性一切功能，功...         ,1
大家都错怪国足了，国足是为了世界和平，为了叙利亚人民才才故意输球的。这是一种大爱无私的行为[作揖][作揖][作揖][作揖]#里皮乘坐飞机返回意大利# ?         ,1
大家都看看这个牲口，甘肃省西峰人，施暴者是继父，望有关部门救救这可怜的孩子。救救可怜的孩子。不要做冷漠的看客 转发出去、为了孩子大家转发起来 ,1
大家伸出援手！救救这个孩子，施暴的是孩子继父，甘肃西峰人！我不知道孩子的母亲出于什么心态，望大家转发！ ,1
大家一定要坚持下去！！！马上就能领低保了！ #单身低保户# ?         ,1
据说日本政府决定今年底前处理所有微波炉，不响应要求的人和组织要受惩罚。科学家发现无线电波对人的健康造成伤害，用微波炉的危害超过原子弹。加热食物有不健康的辐...         ,1
据说深圳东门老街那里atm机被吹飞了。到处是钱，抉择的时候到了，要钱还是要命？#搞笑视频# #微博搞笑排行榜# #搞笑# ,1
据说深圳东门老街那里atm机被吹飞了。到处是钱。 ,1
据说深圳东门老街那里atm机被吹飞了。到处是钱。 #台风山竹# ,1
据说深圳东门老街那里atm机被吹飞了。到处是钱。via买买提X,1
据说是杭州高铁站，一边玩手机，一边等车，正好车来了，一脚向前踩空被夹住了[吃惊][吃惊]有的时候手机真是个万恶的东西，不好的习惯更也是个万恶的东西[悲伤...            ,1
据说是继父殴打继子。不管是什么关系也不应该这么打孩子。请相关部门尽快了解情况，拯救这个可怜的孩子，不要让孩子在暴力中长大，西峰公安,1
据说是美国太空总署拍摄到， 世纪最强太平洋恶魔风暴―#台风# 山竹[衰]香港的小伙伴们周末还是家里蹲吧，安全第一！[睡] ???#今日贴纸打卡# ,1
据说是缅甸孔明灯事故，伤亡惨重[失望][失望][失望]视频来源：柏川 ,1
据说一位河南省官员，在高速公路付费通道时拿错了银行卡，刷卡后当即被爆露卡上的巨大余额，一个星期后就被双规！?? ?? ?? ,1
据说这是埃塞俄比亚空难最后一分钟视频。#埃塞俄比亚客机失事# ,1
据网友爆料，湖北汉川红星电厂明目张胆，肆意排放！监管部门哪里去了？你们都是敌对势力派来坑害华夏的吗？[怒]#航班飞行途中充电宝爆炸起火# ,1
据网友说是重庆到利川避暑的自驾车，不知怎么的被困水里了。开始时在水里陷的不深，有人建议车上人先下来，再用绳子救车，但车上人不采纳。从找绳子到喊人过...            ,1
据网友投稿：山西保德同舟煤矿在露天区挖出大量黄金，当地老百姓闻讯后纷纷赶到现场进行救性拾。场面震撼！还以为是淮海战役又打响了[作揖] ,1
年收入36万以下的均是贫穷户！打扰了，告辞！ ?         ,1
年收入36万以下的均是贫穷户你家贫穷么[允悲] ?         ,1
年收入36万以下均是贫穷户。这真的假的，实话实说，你们家是贫穷户吗？[费解] ?         ,1
您好！现在是8月31日夜间22：22，有感应，极其微弱轻微酝酿。方向是祖国南部或者东南部包括台湾省，或者祖国南部、东南部国家地区。时间1――81小时内，最大可能是12...            ,1
牛逼；中央汇金公司前三季度净利润4513亿元 同比增12%（这个比彩票牛逼，可以光明正大说出来，彩票13人贪污1300多亿，戴着面具偷偷摸摸领取的。） ?         ,1
牛人用5年制作“水晶狐狸”，成品一现世，就引来无数土豪出价购买 ,1
农村出来的不容易，一代人的付出[悲伤] ?         ,1
女孩被拐卖到郑州，自己说是新沂王庄的，说她爸叫张建，王庄的朋友仔细看看。转发一下[作揖][作揖][作揖]直播新沂-LIVE,1
女子一怒之下，当场销毁自己代购的奶粉，有话好好说啊,1
哦哟所有人年底了，问好的各种各样的链接，请不要点击，更不要转发！！！国家安全部 提醒：   从近日起，大家注意了，请不要再传早安，晚安或节庆...            ,1
朋友的同事！真人真事！希望大家转发！！曹艳，电话137 6261 2323 昨天上午的2岁女儿在周浦大润发附近被人拐走了，女儿能说出她爸爸的手机号码！从监控上看是被一...         ,1
朋友发我的，上海竟然出现了海市蜃楼，不愧是魔都[二哈] ,1
石家庄正定县：昨天凌晨二点二十三分，十三名男女感染猪病毒死亡，有的猪场猪，大批被埋葬，已经死亡人数13人，最大的64岁，最小的9岁，参与抢救的医生已被隔离，河...            ,1
石头最新报道……这是一个只要话题关注，不管后续内容的时代，苍老师被聘请为中国少年先锋队辅导员，我估计中国少年课外动作辅导教材要出来了??，多看德艺双馨的...            ,1
实拍X大学向“国际学生”发放助学补贴半年/三万！领取人签名都不会～摁手印后拿钱扬长而去！??令国民特别是辍学生情何以堪？！[吃瓜]唉……苦??啊 ,1
世纪最强太平洋恶魔 山竹希望大家平安#广东停课# ,1
世界还是那个世界 可中国已不是原来的中国『中国正式宣布：无限期封杀澳大利亚！直接死刑！！』,1
世界还是原来的世界，中国已经不是原来的那个中国！  皮之不存，毛将焉附！  国家兴亡，匹夫有责！我分享了 卓典有料||中国正式宣布：无限期封...         ,1
世界三大金融中心纽伦港，都是在英国普通法的体系诞生的，400亿的汶川地震捐款，230亿来着香港，一些没脑的人居然觉得香港对大陆的发展羡慕嫉妒恨，井蛙夏虫的悲...            ,1
世界上第一个通过图灵测试的仿真机器人――前些天，美国最新机器人‘随行‘’’Alice艾丽丝面世，按21岁姑娘打造，与真人相似度99%，‘’售价十万美元，终身软件升级和保修...            ,1
世界上竟然真的存在这种生物.......委内瑞拉贵宾犬蛾，这种生物直到2009年才在委内瑞拉被发现，目前科学界还没有掌握太多关于它的资料。 ?         ,1
五年级一孩子的妈妈睡了班上17个爸爸借了400百多万[二哈] ??，震惊我[挖鼻]当她孩子真惨啊！ ?         ,1
五人聚餐，假酒中毒，无一生还…[蜡烛] ,1
武汉第一人民医院发生患者家属持刀挟持医生，女特警化装成女护士送水，突然间挥枪?? 击毙该家属。 ,1
西安到昆明的165次车，桥被冲毁，中部车厢掉江里，刚发生的。 珍惜当下，谁也不知明天的事 ,1
西安到昆明的165次车，桥被冲毁，中部车厢掉江里，刚发生的。好好的过每一天吧！不是每个人都有明天的！#火车掉河里# ,1
西安到昆明的165次车，桥被冲毁，中部车厢掉江里，刚发生的。好好的过每一天吧！不是每个人都有明天的！?????? ,1
西安到昆明的165次车，桥被冲毁，中部车厢掉江里，刚发生的。好好的过每一天吧！不是每个人都有明天的！逝者已矣，愿生者珍惜生活[大哭] ,1
西安到昆明的165次车，桥被冲毁，中部车厢掉江里，刚发生的。好好的过每一天吧！不是每个人都有明天的！无常啊！ ,1
西安到昆明的165次车，桥被冲毁，中部车厢掉江里，刚发生的。好好的过每一天吧！不是每个人都有明天的！无常啊！为不实消息。 ,1
西安到昆明的165次车，桥被冲毁，中部车厢掉江里。 ,1
西安到昆明的一列火车经过一处桥梁时，桥梁塌方 ,1
西安市中心医院：昨天凌晨二点二十三分，十三名男女生感染sk5病毒死亡，最大的32岁，最小的5岁，参与抢救的医生已被隔离，中央1台电视新闻己播纾暂时别吃西瓜，...            ,1
西峰公安朋友圈里看到的，据说是：甘肃省西峰人，施暴者是继父。希望有关部门查实，如果真有其事，大家一起想想办法救救孩子???? ,1
希望大家能帮帮这孩子！甘肃省西峰人，施暴者是继父，望有关部门救救这可怜的孩子。朋友圈的大神们大家动员自己的资源力量，救救可怜的孩子。不要做冷漠...            ,1
希望大家能帮帮这孩子[流泪][流泪]甘肃省西峰人，施暴者是继父，望有关部门救救这可怜的孩子。朋友圈的大神们大家动员自己的资源力量，救救可怜的孩子。不要...            ,1
希望国内能和美国好好谈吧，再这样下去不守国际贸易规则，以后没有国家愿意和中国做生意了。//花栗鼠小盆友思栗: Reply鸢尾花园里的小熊猫:华为5G进入...            ,1
希望女孩子以后不光对自己负责，也对孩子负责，毕竟是自己的一块肉看着不心疼吗？嫁给这样的人，无论你受不受罪，孩子都是无辜的，不能给他好的生活，也不能让他...            ,1
希望有更多人看到，如果人还活着，最少会把她的损伤位置拍出来。#深夜暴打女孩嫌疑人被刑拘##女子遭殴打犯罪嫌疑人照片# ?         ,1
希望有关部门关注，朋友圈里发的是甘肃省西峰人，施暴者是继父 ,1
想去韩国追欧巴？想去日本赏樱花？莫负春光，#323全民撒欢儿#，途牛3.23旅游节，全民撒欢儿3折起，遣散压力，对所有人按下OFF，来一场说走就走的旅行吧！今天想去世界转转，看今日头条，一起撒欢上头条！#今天，就看今日头条#,1
小动物们从动物收留所被领养前后的对比。感恩那些好心人，给了它们一个家，它们真的会很快乐！（Via.我们都是宠物迷） 听首五月天 的 好好-五月天 ，早点睡觉吧！晚安[心],1
小家伙被主人shlml捡到时差不多才3天大，眼还没能睁开，医生说它可能无法活过一礼拜，但在主人细心的照顾下，它挺了过来，主人叫它koma。koma从巴掌大就有奥特曼陪着，现在它已经成了不折不扣的胖子......亲人也在，老友也在，幸幸福福的一家！老狼《我要你》 我要你（电影《驴得水》宣传曲）,1
小玖最近在纠结万年难题[思考]：到底是潘勘渫梁廊菀祝还是土豪变潘扛轻松？玖富联合今日头条 助你发现全新的理财新生活，实现不一样的人生逆袭。4亿用户正在使用的资讯阅读App。#今天，就看今日头条#,1
小时候，紧张刺激的捉迷藏游戏给我们带来无穷的乐趣，在少年的我们心中植入了冒险的基因；今天，在华为应用市场1221大厦里面过把瘾，把那藏起来的宝贝寻――华为Mate9、荣耀10000mAh移动电源、定制背包好礼不断~机不可失，#亿起1221#，参与游戏戳→_→  ,1
信息爆炸， 碎片一地，太多的旧事物在分裂，太多的新事物在聚合。从内容到媒介，再到创作者，广告的每个环节正在发生翻天覆地的变化。我们站在这一历史性的契机，迎接它的第二次生命――全新的数字形态，让广告成为一条有用的资讯。第九届金投赏，今日头条致敬经典 三 ，。,1
幸福，就是想吃一个馒头时，就得到一个馒头并且安心地吃下去。若只能得到半个叫不足；更少叫匮乏；若得到两个叫富余；得到三个叫负担；得到更多叫累赘。幸福不是越多越好，而是恰到好处；幸福不是脸上的虚荣，而是内在的需要；幸福不在别人眼中，而在自己心中。早安[心],1
养了猫以后再养只狗，这样喵星人就有床睡了~[喵喵][二哈]超暖的有木有！今夜开始，我国大部分地区将会大降温，北京2016年的初雪可能在今夜到来！那些说自己还穿短袖的南方同学，北方的小伙伴真诚的邀请你来看雪景哦！[doge]一首M鹿M 陶 《请到长城来滑雪》 请到长城来滑雪 伴您入睡，晚安！,1
一个是国内最大的资讯分发平台，一个是国内最大的自营电商平台，今日头条和京东 之间会碰撞出怎样的火花？今日头条&京东战略合作发布会正式开始，聊聊你对这次合作的期待和看法吧！,1
一首厚悠P的蒙古族歌曲，歌手的演唱嫔Ｅ炫扔指挥星楦校音和情w的把控都很好，很容易被感染，好拥模 // 《鸿雁》被他唱到极致，百听不厌 ，,1
一些还没意识到自己已经长大了的迟钝宝宝，谁还不是宝宝咋滴！[右哼哼][doge] via.回忆专用小马甲 一首S.H.E《不想长大》伴您入睡，晚安~[心] 不想长大-S.H.E-专辑《Forever 新歌+精选》,1
以后打开今日头条，也可以听相声了！嘻哈包袱铺 正式入驻头条视频，直播点播任你选。扫描海报下方二维码关注嘻哈包袱铺头条号，8月13号可以在线看“嘻哈头条相声专场”。我们为爱笑的你准备了嘻哈包袱铺演出门票5张，转发微博就有机会赢取，还不快来[来],1
以后打开今日头条，也可以听相声了！嘻哈包袱铺 正式入驻头条视频，直播点播任你选。扫描海报下方二维码关注嘻哈包袱铺头条号，8月13号可以在线看“嘻哈头条相声专场”。我们为爱笑的你准备了嘻哈包袱铺演出门票5张，转发微博就有机会赢取，还不快来[来],1
因为这个MV，他们差点丢了工作……就冲这生无可恋的脸我给满分！ 秒拍视频 .,1
由今日头条与中民社会救助研究院共同举办的中国老年人走失状况白皮书发布会至此结束。感谢每一位关注老年人走失问题的朋友，希望寻人的路上我们一同努力。头条寻人是今日头条自2016年2月15日启动的一个面向全国的公益寻人项目，旨在利用平台庞大用户量与精准推送技术，帮助各类家庭寻找到走失亲人。,1
有些汪星人小时候跟长大了真的是完全不同的两种画风啊！有的是体型突飞猛进，有的是气质上有了天差地别！[笑cry][笑cry][笑cry]via.汪星人日记 一首M鹿M《某时某刻 Catch me when I fall》 某时某刻 Catch me when I fall 伴您入睡，晚安！,1
约吗？春风十里不如赛特陪你！您的老朋友，总有新感觉！[给力]今日头条 #今天，就看今日头条#,1
再爷们的男人有了女儿之后都要变成小公举...[笑cry] via.精彩表情君 看着好有爱[心][心][心]一首TFBOYS-易烊千玺《你说-易烊千玺》 你说-易烊千玺 伴您入睡，晚安！,1
在今日头条 看到有趣的事，就#安利一下#给小伙伴儿们吧。#今天，就看今日头条#,1
在哪里存在，就在哪里绽放。不要因为难过，就忘了散发芳香。―― 渡边和子《就在你所在的地方生根开花》早安[兔子],1
在信息爆炸的世界里，谁能成为头条？看今日头条，约会泰康，预见属于你的幸福！今日头条,1
这……这……这是埃塞俄比亚航空空难的那个吗？？？[吃惊][吃惊]好恐惧啊 #埃塞俄比亚客机失事#逝者安息?? ,1
这TM绝对是来捣乱的 我连贫穷户都算不上 ,1
这波操作太骚了 ?         ,1
这不我刚刚听到的信息，湖北英山县的英山旅游区，一条大峡谷上面的索道钢丝绳突然拆断，上面有五十多人，一起掉下万丈深沟，最新消息说当场就有十几人丧命，剩余...            ,1
这不知道还有用吗？据说骑电车戴耳机，撞车耳机线把喉管勒断了，切记骑电车别戴耳机了 ,1
这次台风??（利奇马）登陆乐清湾 ,1
这个比瑞典警察还猛。。。 ,1
这个景象和2008年汶川地震时一模一样，当年亲身体验过地震，现在看了这个样子都后怕#台风山竹##超强台风山竹# ,1
这个厉害了，这下没人和她老公玩了[允悲] ,1
这楼梯是往上还是往下？[思考],1
这么久没锻炼，腹肌都没了[微笑]努力把腹肌再捡回来[鼓掌],1
这三个姑娘又来啦~真好听！希望我的存在能让你不那么孤独 甚至温暖起来。 秒拍视频,1
这是韩国工程建设公司承建的老挝一个水电站大坝，发生坍塌事故的场面，已经造成了数人死亡，数百人失踪的惨剧。韩国的建造质量就和韩国黑哨一样，经不起世界的检...            ,1
这是河北的玉米地吗，竟然有豹子，旅游的人小心了！[吃惊] ,1
这是河北邯郸电视台新闻主播，台上突然心梗，年仅26岁！一点征兆都没有，生命只在一瞬间！  生命太脆弱，不要纠缠过去，更别奢望未来，要活在当下！ ,1
这是河北邯郸电视台新闻主播，台上突然心梗，年仅26岁！一点征兆都没有，生命只在一瞬间！  所以，工作别太拼，不纠缠过去，别奢望未来，活在当下！ 给我们...            ,1
这是今天上海闸北大华新村，因手机充电器引起的大火，一个人扒在防护窗上活活被烧死，惨不忍睹！注意 ：晚上所有充电器都拔掉！家中人不在时一定不要充电！ 切记...            ,1
这是今天上海闸北大华新村，因手机充电器引起的大火，一个人扒在防护窗上活活被烧死，惨不忍睹！注意 ：晚上所有充电器都拔掉！家中人不在时一定不要充电！ 切记...            ,1
这是今天在罗庄，一个伪装冷饮的车偷小孩抓住他了，放假了，看好自己的小孩，大家一定要看好自己的孩子！万能的朋友圈请速速转发，避免再有小孩受害。 ,1
这是哪位道友在渡劫。 ,1
这是前几天飞澳门的飞机??遇到切风，迫降深圳的，深圳宝安机场?? 飞机怎么瞬间跟玩具一样掉下来[撇嘴] ,1
这是什么操作[傻眼][傻眼] ?         ,1
这是世博会上的中国制造特色茶杯，一出来轰动博览会[good] ,1
这是我今天看到最扎心的视频 埃航失事客机黑匣子自动记录仪录下的最后10秒钟……用力拥抱享受每一天 该吃吃该喝喝该穿穿 因为你永远不知道意外和明天哪一个先来...            ,1
这是一个乘客捕捉到埃塞俄比亚航空坠毁前最后时刻的视讯，此时飞行员刚刚宣布他已经完全失去飞机的控制权…… 临死亡前几分钟，你会怎么做怎么看？[wC][求P注][....            ,1
这是一个乘客用手机拍摄到，埃塞俄比亚空难最后一刻的珍贵视频。此时飞行员刚刚宣布他们已经完全失去飞机?? 的控制权了，面临最后死亡的几分钟，你会怎么做，??所以...            ,1
这是真的额？ ?         ,1
这是中国南航航空公司的波音747客机，满载450名乘客。它的一个发动机被一架无人直升机撞了并引起另一个引擎失火，飞行员飞得水平非常高，沉着应对将飞机停在京通...            ,1
这是中国南航航空公司的波音747客机，满载450名乘客。它的一个发动机被一架无人直升机撞了并引起另一个引擎失火，飞行员飞得水平非常高，沉着应对将飞机停在京通快速公...            ,1
这算谋杀吗 ,1
这台风大的恐怖[傻眼]幸好没有来浙江。。。粤港澳的朋友要做好抗台准备了[允悲] ?         ,1
这堂客双十一购物23万，直接吓死了老公，也算奇闻了。还好是三年前的旧闻！ ?         ,1
这位赌徒，赌球输了就跳楼[吃惊][吃惊][吃惊][吃惊] ,1
这只年迈的哈士奇名叫Pao，它已经16岁了，几乎走不动路，但它的主人非但没有抛弃它，还特意为它做了专属的车子，主人每天都会拉着Pao四处散步，看着心好暖！[心][心][心]秒拍视频 （via.汪星人日记） 对这个世界，温柔以待，晚安！,1
@首歌，演唱者唱功定，感情充沛，尤其真假音的DQ很自然，演唱前O的白跟歌曲情感搭配恰到好，如果能精一些更好～^m加油！ // 听完这首歌，已流尽一生十万毫升泪水 ，,1
真的是从未见过行动如此迅速跳脱的“熊猫宝宝”[二哈] 睡前放松一下，用热水泡泡脚丫子。听着华晨宇yu 的我的滑板鞋2016 ，准备睡觉吧！新的一周要加油，晚安[心],1
执行斩首伊朗恐怖军头苏莱曼尼而名声大噪的”地狱火”飞刀型和爆炸型导弹。这种新式导弹近年来被用于几次无人机打击，新式导弹最大的特点在于它的战斗部不携带爆炸物...            ,1
直击泰国翻船现场#泰国游船翻船# ,1
只求转发 甘肃省西峰人 继父 望有关部门尽快救救这个可怜的孩子 ????????????????畜生畜生?????? ,1
只求转发，继父，甘肃省，西峰人，望有关部门救救可怜的孩子[难过]甘肃公安头条新闻,1
只要你会添腚，一切皆有可能成龙,1
志同道合，所谓知己。Uber拼车上的同路人，与你是否志趣相投？今日头条携手uber优步 ，让今日头条大数据，帮助你在10秒遇见未来知己。点击链接进入游戏，立即获得惊喜拼车优惠。,1
中方宣布对来自美国的2493个进口药品加征25%关税… ?         ,1
中国互联网寻人月度报告（2016.11）11月份，今日头条头条寻人发布了831例寻人启事，形成了这份2016年11月的中国互联网寻人月度报告。我们希望通过描摹中国互联网寻人信息的图景，帮助更多人、更多机构来了解中国社会人口走失问题的轮廓和面貌。同时，通过发布每月的月报，也可以清晰展现互联网寻人的发展变化。,1
中国老年人走失状况白皮书通过定性与定量分析对首次对走失老人总量、家庭情况、救助情况进行深入调查。数据显示，全国走失老人每年在50万上下，平均每天走失老人约为1370人。其中，72%的走失老人存在不同程度的记忆力退化问题，老年痴呆症与人口流动大大加剧了走失风险。 北京・中华人民共和国民政部,1
中国正式宣布：无限期封杀！澳大利亚彻底凉凉？！_澳洲 ,1
中山公交一位女生被强奸，在虎扑看到的这个视频，内容不长，在公交上一位女生被这个男的，扒掉上身内衣并试图进一步猥亵，女生期间疯狂反抗，嘶吼的声音我听...         ,1
中信证券公告称，昨晚对中国人保给出“卖出”评级的报告系公司分析师个人所为，目前该员工已被开除。（澎湃） ?            ,1
重磅传闻：佛山近期将推出楼市限购放松政策，针对广州人只需要在广州连续缴纳一年社保，即可以在佛山购房，政策估计本月28日公布。评：1、传闻在佛山楼市盛行，有鼻...            ,1
重大失误，估计凶多吉少了~[可怜]#奇趣视频[超话]# ,1
重要提醒：因火星的小恒星今晚靠近地球辐射大，今晚一定要关闭手机。提醒家人今晚 12:30 - 3:30请务必关机：电视已经宣布了这一消息。请仔细阅读一下和照顾好自己...            ,1
重要通知！！！以后支付宝打款请勿备注货款、型号、或者自带标签。谢谢配合。用支付宝转账的时候、千万不要选标签哦！！！如果你们的支付宝包更新了、千万注意！...         ,1
主人把家里的柴柴打扮成无脸男，柴柴呆呆的样子萌死了。。。柴柴：''今天第一次扮无脸男有点紧张，我应该要准备什么呢？很急，在线等''[doge] via.我和宠物的日常秒拍视频 一首华晨宇yu 《齐天大圣》伴你入睡，晚安啦！么么[兔子] 齐天大圣-华晨宇yu,1
转：河南许昌襄城县水利局领导儿子今年高考670分，庆祝后醉驾，车上6人全部遇难。 ,1
转自朋友圈：被拐儿童在广东汕头派出所，口音像菏泽及其周边的，转发一下希望早点找到他爸妈！你的冷漠，可能会失去他们团聚的机会。爱心接力??！ ,1
总有起风的清晨，总有暖和的午后，总有绚烂的黄昏，总有流星的夜晚，所以不如保持顺其自然的心境，把握每一个瞬间，试着去做，去面对每一个昨天、今天和明天。早安，新的一天，请为自己加油！[心],1
最牛新闻，看今日头条，黄金金融，玩儿国美黄金！,1
"昨天俄罗斯航空展，意大利飞行表演队发生意外，飞机空中相撞,损毁十架飞机，比空战更惊心动魄，场面惨烈…… ",1
"昨天俄罗斯航空展，意大利飞行表演队发生意外，飞机空中相撞,损毁十架飞机，比空战更惊心动魄，场面惨烈…… ??? ",1
昨天甘肃金昌，武威被偷了三个孩子，兰州也丢了两个孩子～有一个陌生人刚把孩子迷晕，幸好被人及时发现，偷孩子的两个人被抓了起来，现关在武威东关派出所。根据...            ,1
昨天很重要，它是我们不可或缺的经验；明天很重要，它让我们有了憧憬和梦想；但最重要的，是我们今天要做的一切。告诉自己：把握当下，怀着积极心态过好每一个今天，不要躲藏在昨天的阴影中，也不要沉迷在明天的幻想中，认真过好每一天，早安，加油！,1
昨天晚上缅甸支孔明灯爆炸，现场600多人受伤，惨不忍睹?????? ,1
昨天晚上缅甸支孔明灯爆炸600多个人受伤?? ,1
昨天晚上咸宁市崇阳县沙坪坝百货大楼对面的李先生牛肉面饭店里，二个家庭带着小孩在临近的二桌吃饭，因为孩子碰撞问题，其中一个孩子妈妈不依不饶，导致孩子爸爸...            ,1
昨晚广州人和美食街吃小龙虾中毒事件希望以后大家少一点吃小龙虾 ,1
昨晚国足输给叙利亚，足协致歉，里皮辞职。叙利亚为了庆祝这场胜利，政府军和反对派武装组织决定停火48小时！停火48小时能够挽救多少生命，说真的这条新闻很暖心...         ,1
昨晚缅甸支：孔明灯爆炸死伤惨重??????这是盲目自信导致的结果，他们在人群的中心点燃孔明灯，并且在孔明灯上放置烟花，结果引发一场悲剧。死500多，伤600多。 h...            ,1
昨晚缅甸举办大型孔明灯表演，升空不久即发生意外，炸死500多人烧踏伤600多人。好奇害死猫 ，越是人多拥挤场合危险系数就越高，尽量少去揍热闹[悲伤][悲伤] ,1
昨晚青岛暴雨，一人不幸被雷电击中，卷抛到空中，在空中且多次被雷击，场面十分恐怖，世界之大真是无奇不有. ,1
昨晚上广州白云区人和地铁外面美食街吃小龙r中毒！三个男两个女死亡大件事！千万不要回去美食吃小龙r中毒，注意饮食。飕飕 ,1
昨晚上广州白云区人和地铁外面美食街吃小龙r中毒！三个男两个女死亡大件事！千万注意饮食。 ,1
左腿有病，割掉右腿。手术台上刀子割开皮肤，然后医生停下加价，病人忍痛取出银行卡告诉密码，医院的人取出了钱，才继续做手术。还有这个只需要八毛钱就可以治好...            ,1
作家余秋雨的住院感受：这场大病使我象做了恶梦一样，领略了医院现实的利益熏心，我真切地感受到了我病了，这个社会更是病了，还病的不轻……,1
作为一个两次重度煤气中毒最终醒来的幸运者，我看到这个悲催的故事，真不知如何表态了。只求大家再遇到煤气中毒或触电身亡者，尸体多放几天，因为他们真有可能再活过...         ,1
做最智慧的选择，打磨最「不将就」的自己。今日头条 ――从这里，放眼看世界。,1
